0,https://live.staticflickr.com/7284/8737553088_d8b9ce17ef_o.jpg
1,
2,
3,
4,https://live.staticflickr.com/4028/4638084661_4e8f403a4b_o.jpg
5,
6,
7,
8,
9,
10,
11,
12,https://live.staticflickr.com/7020/6819987465_03d1850072_o.jpg
13,https://live.staticflickr.com/4768/39228678394_53d86192f2_o.jpg
14,
15,https://live.staticflickr.com/7462/26225681433_92e56588db_o.jpg
16,
17,
18,https://live.staticflickr.com/3271/2732011028_d0a3d230aa_o.jpg
19,
20,https://live.staticflickr.com/7788/28946660605_fa5d72480d_o.jpg
21,
22,https://live.staticflickr.com/3711/9017063036_83c7a7f0dc_o.jpg
23,https://live.staticflickr.com/5555/14859272812_94b5ea4727_o.jpg
24,
25,https://live.staticflickr.com/2054/2357889117_527be53c4f_o.jpg
26,
27,https://live.staticflickr.com/8710/16998210779_a037346346_o.jpg
28,
29,
30,
31,https://live.staticflickr.com/7737/17803217788_56a0d95d4f_o.jpg
32,
33,
34,https://live.staticflickr.com/688/23410855390_e399bd19f7_o.jpg
35,
36,
37,https://live.staticflickr.com/3/4713148_9b86ca24ee_o.jpg
38,https://live.staticflickr.com/776/21074674513_4dcc840905_o.jpg
39,https://live.staticflickr.com/4396/36882670432_ac4155a31f_o.jpg
40,https://live.staticflickr.com/4819/46441148451_523e960feb_o.jpg
41,
42,https://live.staticflickr.com/4275/34838518832_bb33ba357d_o.jpg
43,https://live.staticflickr.com/2586/3819996582_58b1d285a7_o.jpg
44,
45,https://live.staticflickr.com/128/410985287_d6000d997f_o.jpg
46,https://live.staticflickr.com/1107/1412373702_dd1397b7da_o.jpg
47,https://live.staticflickr.com/3809/9038366833_abdcae492d_o.jpg
48,https://live.staticflickr.com/8050/8443521621_82c08b5499_o.jpg
49,https://live.staticflickr.com/7339/15912366653_bc314685c8_o.jpg
50,
51,
52,https://live.staticflickr.com/5480/9034810650_c1cd24b3f6_o.jpg
53,https://live.staticflickr.com/4412/36245839713_4145b387a4_o.jpg
54,https://live.staticflickr.com/6197/6059243446_768f73acd7_o.jpg
55,https://live.staticflickr.com/7771/30296880455_daa206c6e8_o.jpg
56,https://live.staticflickr.com/1687/24891413600_0d967d14a8_o.jpg
57,
58,https://live.staticflickr.com/7653/16843583319_2e864ee5f3_o.jpg
59,
60,https://live.staticflickr.com/475/31963024245_297eae9630_o.jpg
61,https://live.staticflickr.com/1476/23696120269_849e0e7bdd_o.jpg
62,https://live.staticflickr.com/5215/5487964476_74f8f2eb20_o.jpg
63,https://live.staticflickr.com/7897/47553977471_1dcb414ae1_o.jpg
64,
65,https://live.staticflickr.com/5053/5460896699_00e5353abd_o.jpg
66,https://live.staticflickr.com/5126/5219830621_16f1e5e5f0_o.jpg
67,https://live.staticflickr.com/4204/34766480811_c5818e60ee_o.jpg
68,https://live.staticflickr.com/3778/19466087054_597b63c759_o.jpg
69,https://live.staticflickr.com/4097/4746582221_cc74ddc151_o.jpg
70,
71,https://live.staticflickr.com/4395/36530501935_d9f54f60ab_o.jpg
72,https://live.staticflickr.com/6079/6146414333_ab637dff50_o.jpg
73,https://live.staticflickr.com/2674/4151456049_7fca32e629_o.jpg
74,https://live.staticflickr.com/7163/6557755511_16fcee45aa_o.jpg
75,https://live.staticflickr.com/7075/14038278093_72cf59f171_o.jpg
76,https://live.staticflickr.com/3/4469786_48a45cf810_o.jpg
77,https://live.staticflickr.com/8594/16730804955_1d6c4f909d_o.jpg
78,https://live.staticflickr.com/7264/7798059932_6e49f63643_o.jpg
79,
80,https://live.staticflickr.com/4390/36504371063_a972252450_o.jpg
81,
82,https://live.staticflickr.com/850/27708942058_a4b2b4710e_o.jpg
83,https://live.staticflickr.com/2592/4152220722_40d7798242_o.jpg
84,
85,https://live.staticflickr.com/5462/9365065479_54376452da_o.jpg
86,https://live.staticflickr.com/4851/30779878397_86b32c4518_o.jpg
87,https://live.staticflickr.com/2783/4472701625_076c847606_o.jpg
88,
89,https://live.staticflickr.com/933/43955164542_caaa86aa58_o.jpg
90,https://live.staticflickr.com/8496/8334527709_ab004a3043_o.jpg
91,https://live.staticflickr.com/3662/3485776505_7a6b5ba278_o.jpg
92,https://live.staticflickr.com/6027/5946089820_061e65531f_o.jpg
93,https://live.staticflickr.com/8030/7948300720_75dd7e22f9_o.jpg
94,https://live.staticflickr.com/3650/3486593252_b61266d736_o.jpg
95,
96,
97,https://live.staticflickr.com/1029/1066960191_fa9fc722ce_o.jpg
98,https://live.staticflickr.com/3069/5724156747_2300408072_o.jpg
99,https://live.staticflickr.com/8614/16111576750_40408a7294_o.jpg
100,
101,
102,https://live.staticflickr.com/8051/29174422975_5825833e67_o.jpg
103,https://live.staticflickr.com/2845/9443793209_5b4f40ea8f_o.jpg
104,
105,
106,https://live.staticflickr.com/3085/2377602436_f11da93824_o.jpg
107,https://live.staticflickr.com/5786/20538942456_ea8ac5b323_o.jpg
108,https://live.staticflickr.com/3648/3312149607_f7f6a11e01_o.jpg
109,https://live.staticflickr.com/180/414764937_8a1c9f0d4b_o.jpg
110,https://live.staticflickr.com/1759/41454916075_6e576783c6_o.jpg
111,https://live.staticflickr.com/629/21986185933_fcb7c0bea1_o.jpg
112,https://live.staticflickr.com/949/42246233522_12c0b137aa_o.jpg
113,https://live.staticflickr.com/887/41107176671_e5fdf5933b_o.jpg
114,https://live.staticflickr.com/4481/37805262671_2666439826_o.jpg
115,https://live.staticflickr.com/7920/45959861834_1c475841f4_o.jpg
116,https://live.staticflickr.com/913/42594437414_338e1b59ed_o.jpg
117,https://live.staticflickr.com/646/20872980426_0ab54e4fab_o.jpg
118,https://live.staticflickr.com/4049/4455794139_bc0e2ec7b8_o.jpg
119,https://live.staticflickr.com/4001/4556254853_28fa0cf2c7_o.jpg
120,https://live.staticflickr.com/105/315467516_ff52d7b5fc_o.jpg
121,
122,https://live.staticflickr.com/8676/16484169087_04e6a546bb_o.jpg
123,https://live.staticflickr.com/4254/34382102964_a44dd05743_o.jpg
124,https://live.staticflickr.com/5206/5221748666_516157464b_o.jpg
125,https://live.staticflickr.com/16/22559743_0a118589f6_o.jpg
126,https://live.staticflickr.com/3919/14527069585_a1298726c9_o.jpg
127,https://live.staticflickr.com/3116/2632951499_48936b03e7_o.jpg
128,
129,https://live.staticflickr.com/3932/32830102393_d7815832cb_o.jpg
130,
131,
132,https://live.staticflickr.com/3040/2783921599_6cb97abee1_o.jpg
133,https://live.staticflickr.com/6222/6851310036_206bcf22fd_o.jpg
134,
135,https://live.staticflickr.com/5118/7431364706_7806775aec_o.jpg
136,https://live.staticflickr.com/4071/4685034208_a92a3def95_o.jpg
137,https://live.staticflickr.com/8329/8106702453_08d3815cab_o.jpg
138,https://live.staticflickr.com/5740/21764221349_274179130d_o.jpg
139,
140,
141,https://live.staticflickr.com/3050/2911411493_416f221be5_o.jpg
142,https://live.staticflickr.com/4278/35028197346_17a97af3d6_o.jpg
143,
144,https://live.staticflickr.com/144/339305401_2ec9da3a83_o.jpg
145,
146,
147,https://live.staticflickr.com/7514/15257113924_2cc7790ff3_o.jpg
148,
149,https://live.staticflickr.com/2197/2259250070_f9be992d89_o.jpg
150,https://live.staticflickr.com/5286/5686666120_1573f5b140_o.jpg
151,https://live.staticflickr.com/2930/33874308945_05dc10e882_o.jpg
152,https://live.staticflickr.com/4105/5436977340_dc9fc40e67_o.jpg
153,https://live.staticflickr.com/65535/40802983853_12ed36bdd9_o.jpg
154,https://live.staticflickr.com/5562/29759241931_75de185e7d_o.jpg
155,https://live.staticflickr.com/584/21500207861_7db0b8e259_o.jpg
156,
157,
158,https://live.staticflickr.com/7629/27336425705_7c5108dab4_o.jpg
159,
160,https://live.staticflickr.com/1932/43485200520_27594a6dcf_o.jpg
161,
162,https://live.staticflickr.com/8280/29666576064_5115c18127_o.jpg
163,https://live.staticflickr.com/1549/24936210011_e92055e925_o.jpg
164,https://live.staticflickr.com/2455/3701458703_4f0c27d26a_o.jpg
165,https://live.staticflickr.com/8298/29466832045_7aa00d28ab_o.jpg
166,
167,
168,
169,https://live.staticflickr.com/8300/8001597187_ab6c94a6cf_o.jpg
170,
171,https://live.staticflickr.com/3076/2376764409_ab36af4dd6_o.jpg
172,https://live.staticflickr.com/7296/9766851225_8966a1c862_o.jpg
173,
174,https://live.staticflickr.com/2505/3995240908_7626b9ab86_o.jpg
175,https://live.staticflickr.com/8010/7145702997_0d893e9992_o.jpg
176,https://live.staticflickr.com/4144/4847065053_fd93b94373_o.jpg
177,https://live.staticflickr.com/4022/4323028946_39bd68120d_o.jpg
178,https://live.staticflickr.com/1876/30440415538_da03298642_o.jpg
179,
180,https://live.staticflickr.com/3204/2884731416_c99d99fbd9_o.jpg
181,
182,https://live.staticflickr.com/1813/43284793474_5e64b4a179_o.jpg
183,https://live.staticflickr.com/8472/8425279761_e51de793fb_o.jpg
184,
185,https://live.staticflickr.com/4824/30779877567_5820d8444f_o.jpg
186,https://live.staticflickr.com/8313/7992116780_39eca8ea4c_o.jpg
187,https://live.staticflickr.com/113/315467514_2f4b73e7db_o.jpg
188,https://live.staticflickr.com/1228/5152019263_0f17b697e0_o.jpg
189,
190,https://live.staticflickr.com/3119/2614723313_c9dc652c7a_o.jpg
191,https://live.staticflickr.com/8561/16631170199_564c3ec1c3_o.jpg
192,https://live.staticflickr.com/7590/16831844411_2c767b0d47_o.jpg
193,https://live.staticflickr.com/42/79311321_79dee20df9_o.jpg
194,
195,https://live.staticflickr.com/3951/15110677723_223df71fc4_o.jpg
196,
197,https://live.staticflickr.com/5616/31631734690_df75ec5afc_o.jpg
198,
199,https://live.staticflickr.com/5571/14683674457_a7c6f36b76_o.jpg
200,https://live.staticflickr.com/2744/4350059534_d18e2090a1_o.jpg
201,https://live.staticflickr.com/825/41096636415_f63e30f01e_o.jpg
202,https://live.staticflickr.com/971/41158683585_2ed75e85af_o.jpg
203,https://live.staticflickr.com/83/251114787_8f3c179b68_o.jpg
204,https://live.staticflickr.com/3256/2335142311_31ccee76ca_o.jpg
205,https://live.staticflickr.com/8462/29287108573_733cd326ed_o.jpg
206,
207,https://live.staticflickr.com/168/387962041_fbaa897b18_o.jpg
208,https://live.staticflickr.com/1789/42599718835_d294fe4328_o.jpg
209,
210,
211,
212,
213,
214,https://live.staticflickr.com/4785/39902406205_2cc45eb031_o.jpg
215,
216,
217,https://live.staticflickr.com/7633/16156422533_9cc7673bca_o.jpg
218,https://live.staticflickr.com/3800/9154944008_9c2e585483_o.jpg
219,
220,https://live.staticflickr.com/7196/6842373224_b8a2819056_o.jpg
221,https://live.staticflickr.com/240/522613565_9fe0770e3e_o.jpg
222,https://live.staticflickr.com/3375/3437144775_fdede9df4e_o.jpg
223,https://live.staticflickr.com/3133/3089494999_f6be590e11_o.jpg
224,https://live.staticflickr.com/4071/4337482144_027bc2b696_o.jpg
225,https://live.staticflickr.com/2294/1509079388_042e3c468a_o.jpg
226,https://live.staticflickr.com/2546/4417067533_05d5c83798_o.jpg
227,https://live.staticflickr.com/118/252984041_0787c59ced_o.jpg
228,https://live.staticflickr.com/47/130827807_fdd21f12e5_o.jpg
229,
230,https://live.staticflickr.com/2168/2538921564_d5ebec41b7_o.jpg
231,
232,
233,https://live.staticflickr.com/3815/33347073055_aa5a36c45b_o.jpg
234,https://live.staticflickr.com/8416/30096611912_f2e2195a76_o.jpg
235,
236,https://live.staticflickr.com/2086/2258446087_8a83ca48b9_o.jpg
237,https://live.staticflickr.com/4084/5071037324_7627eeb85a_o.jpg
238,https://live.staticflickr.com/2111/2254924317_2f589ced0f_o.jpg
239,
240,
241,https://live.staticflickr.com/4048/4622818061_fb10a0b9cd_o.jpg
242,https://live.staticflickr.com/3107/2719825693_2099aec4c0_o.jpg
243,https://live.staticflickr.com/41/79311261_ef67536635_o.jpg
244,https://live.staticflickr.com/2838/12316163914_d26831bc87_o.jpg
245,https://live.staticflickr.com/2459/4057789892_a4b7317bfe_o.jpg
246,https://live.staticflickr.com/2648/4195309803_c7cac6a04d_o.jpg
247,https://live.staticflickr.com/7073/7314455738_fd4c42ed08_o.jpg
248,https://live.staticflickr.com/198/476798406_3f36ea7946_o.jpg
249,https://live.staticflickr.com/6178/6266862163_8c1e8077a4_o.jpg
250,https://live.staticflickr.com/4552/38164657824_4c8da6b08b_o.jpg
251,https://live.staticflickr.com/7502/30181319152_3e4525fd91_o.jpg
252,https://live.staticflickr.com/3230/3056275017_ab9ee70ebb_o.jpg
253,https://live.staticflickr.com/627/20304481173_79b69d96b2_o.jpg
254,https://live.staticflickr.com/572/31723604194_9a626523b7_o.jpg
255,https://live.staticflickr.com/5733/29666374583_2a33c5755d_o.jpg
256,
257,https://live.staticflickr.com/1493/26628611502_a4939eff46_o.jpg
258,https://live.staticflickr.com/65535/47801542662_48aa834d61_o.jpg
259,https://live.staticflickr.com/8267/30211292611_eec686e5f6_o.jpg
260,https://live.staticflickr.com/3297/3605176315_1299c86ae3_o.jpg
261,
262,https://live.staticflickr.com/2679/4220205594_bf7a158fa4_o.jpg
263,https://live.staticflickr.com/5832/31256676762_9a96fa4023_o.jpg
264,
265,https://live.staticflickr.com/3733/9381522372_b4b1e55537_o.jpg
266,https://live.staticflickr.com/2304/2173574042_8e2391820d_o.jpg
267,https://live.staticflickr.com/169/415496204_eb7ebd7f60_o.jpg
268,https://live.staticflickr.com/30/44894367_81b89bb985_o.jpg
269,
270,https://live.staticflickr.com/4018/4682590368_73445407f2_o.jpg
271,
272,https://live.staticflickr.com/2487/3964376751_6117928ed5_o.jpg
273,
274,
275,
276,https://live.staticflickr.com/8233/8472551530_7f63f2b993_o.jpg
277,https://live.staticflickr.com/3263/3148749857_f5361515b5_o.jpg
278,
279,https://live.staticflickr.com/7782/18232013930_359403097a_o.jpg
280,https://live.staticflickr.com/1254/1225675007_79557a5ea2_o.jpg
281,https://live.staticflickr.com/8431/7622649224_2d6137903c_o.jpg
282,https://live.staticflickr.com/2699/4395681884_b44c790349_o.jpg
283,
284,https://live.staticflickr.com/7135/7559729700_b14a26226f_o.jpg
285,https://live.staticflickr.com/3111/5803142666_b1a4fa18d9_o.jpg
286,
287,https://live.staticflickr.com/7004/6527995067_97f02340b5_o.jpg
288,https://live.staticflickr.com/3196/2334077582_c6fbc7e462_o.jpg
289,
290,
291,
292,https://live.staticflickr.com/2908/14033932081_91f9efd02b_o.jpg
293,
294,https://live.staticflickr.com/14/16885044_8de952d314_o.jpg
295,https://live.staticflickr.com/53/167095088_b8d85bc6c8_o.jpg
296,https://live.staticflickr.com/4048/4645665740_c74eab436e_o.jpg
297,https://live.staticflickr.com/100/298052536_e3ef0de996_o.jpg
298,https://live.staticflickr.com/3139/2555752144_8c1b8dce9e_o.jpg
299,https://live.staticflickr.com/215/494689471_49458129c3_o.jpg
300,
301,https://live.staticflickr.com/8330/8101686851_8ae73322c4_o.jpg
302,https://live.staticflickr.com/4084/5199109785_45fdc2e8b0_o.jpg
303,https://live.staticflickr.com/8221/8426670022_db1a4ce6e0_o.jpg
304,
305,https://live.staticflickr.com/1926/44571202874_9f94078262_o.jpg
306,https://live.staticflickr.com/4666/38561060070_39e36a71dd_o.jpg
307,https://live.staticflickr.com/55/165478943_e892a90a4c_o.jpg
308,https://live.staticflickr.com/8594/30181427002_e839cb6252_o.jpg
309,
310,
311,
312,
313,https://live.staticflickr.com/7458/8729422001_7dcd53cf6e_o.jpg
314,https://live.staticflickr.com/393/18364152154_f3dd8b879e_o.jpg
315,https://live.staticflickr.com/153/436810411_a3c0e0cef7_o.jpg
316,https://live.staticflickr.com/1871/42786845400_8425f629ca_o.jpg
317,
318,
319,https://live.staticflickr.com/112/253944984_f645ba2ddb_o.jpg
320,
321,https://live.staticflickr.com/3353/3549696488_3ff5025ca9_o.jpg
322,
323,https://live.staticflickr.com/7748/27363388806_08df0b8f39_o.jpg
324,
325,https://live.staticflickr.com/4659/39945947691_13c4b2c2ec_o.png
326,https://live.staticflickr.com/4006/4236413885_481162c986_o.jpg
327,
328,https://live.staticflickr.com/721/20550501359_9e409b43f1_o.jpg
329,https://live.staticflickr.com/8161/7206827206_e0b63e4cd3_o.jpg
330,https://live.staticflickr.com/56/120186428_35f968b88f_o.jpg
331,https://live.staticflickr.com/8030/7948291090_d3a98062f8_o.jpg
332,https://live.staticflickr.com/2505/3924311980_51437931ba_o.jpg
333,https://live.staticflickr.com/238/527371867_2e6989ae60_o.jpg
334,https://live.staticflickr.com/6080/6159698559_0f1ce1c613_o.jpg
335,
336,https://live.staticflickr.com/2343/2258455323_31d0e021d1_o.jpg
337,https://live.staticflickr.com/3623/3378705709_58db62f720_o.jpg
338,
339,
340,https://live.staticflickr.com/1182/1361161458_15ae95c032_o.jpg
341,https://live.staticflickr.com/8556/29938385996_924721349d_o.jpg
342,https://live.staticflickr.com/2226/2483643510_62dbe8f7eb_o.jpg
343,
344,https://live.staticflickr.com/7013/6701955969_f867ed1bcf_o.jpg
345,https://live.staticflickr.com/6203/6106125316_3074db97e9_o.jpg
346,https://live.staticflickr.com/6141/5915657443_98a4a20aee_o.jpg
347,https://live.staticflickr.com/5145/5764910838_f50f922c44_o.jpg
348,https://live.staticflickr.com/7145/6452512521_5971504020_o.jpg
349,https://live.staticflickr.com/4002/5124030981_34d94222d2_o.jpg
350,
351,
352,
353,
354,https://live.staticflickr.com/65535/40786511553_72b7b3588c_o.jpg
355,https://live.staticflickr.com/165/350998066_0af80c3cd2_o.jpg
356,
357,https://live.staticflickr.com/8648/16825064445_1a7ccfcae2_o.jpg
358,https://live.staticflickr.com/4486/23734952668_2f01892855_o.jpg
359,https://live.staticflickr.com/7035/6820521291_c98d3052e4_o.jpg
360,
361,
362,https://live.staticflickr.com/8359/8353642251_20dd51156c_o.jpg
363,
364,https://live.staticflickr.com/1843/44081932254_efbf699ab3_o.jpg
365,
366,
367,https://live.staticflickr.com/25/202788510_2a92e4ed7b_o.jpg
368,https://live.staticflickr.com/5778/23630425640_51a5e61921_o.jpg
369,https://live.staticflickr.com/5565/22782083388_403f4ed1e6_o.jpg
370,https://live.staticflickr.com/7067/6785193984_586d067cd9_o.jpg
371,
372,
373,https://live.staticflickr.com/5487/10591256384_ebeaa26ec5_o.jpg
374,https://live.staticflickr.com/11/16202433_b6e4ed3090_o.jpg
375,https://live.staticflickr.com/56/130839664_7661d241e4_o.jpg
376,https://live.staticflickr.com/5214/5457342460_afc620031b_o.jpg
377,
378,
379,https://live.staticflickr.com/7161/6519837929_935531ba56_o.jpg
380,https://live.staticflickr.com/853/42959821294_5f5c16b820_o.jpg
381,
382,https://live.staticflickr.com/1230/1414572003_56d0d05847_o.jpg
383,https://live.staticflickr.com/5086/5311548992_8efc6ca113_o.jpg
384,
385,
386,https://live.staticflickr.com/7224/7078613783_74091a0f6f_o.jpg
387,https://live.staticflickr.com/195/469923819_edf284017e_o.jpg
388,
389,https://live.staticflickr.com/1323/5161506658_5388ae49e8_o.jpg
390,https://live.staticflickr.com/4083/5057459370_4a81a9d938_o.jpg
391,https://live.staticflickr.com/534/31001531064_8e2e3b15e4_o.jpg
392,
393,
394,https://live.staticflickr.com/65535/47069901604_d30bb4c4ae_o.jpg
395,
396,https://live.staticflickr.com/5689/30940965501_b66a3e939c_o.jpg
397,https://live.staticflickr.com/52/120186117_b208a2fe38_o.jpg
398,
399,
400,https://live.staticflickr.com/7629/28877990296_2cd7af9bfa_o.jpg
401,
402,https://live.staticflickr.com/8609/15688841143_da0cc0e96a_o.jpg
403,https://live.staticflickr.com/2890/9099640785_003d8039df_o.jpg
404,https://live.staticflickr.com/1612/26363074660_49b2b6d1e2_o.jpg
405,https://live.staticflickr.com/5443/29666404794_597791848f_o.jpg
406,
407,https://live.staticflickr.com/8649/30297051525_1cfd2b9968_o.jpg
408,https://live.staticflickr.com/2887/9679612369_ed229af028_o.jpg
409,
410,https://live.staticflickr.com/2329/2253554695_29403f4864_o.jpg
411,
412,https://live.staticflickr.com/2935/14601760720_e55a2be526_o.jpg
413,https://live.staticflickr.com/8232/8527951359_4d1939b0b2_o.jpg
414,https://live.staticflickr.com/2487/3820595970_0f6b82259e_o.jpg
415,
416,
417,https://live.staticflickr.com/3460/3869927674_ee1fb71fb3_o.jpg
418,https://live.staticflickr.com/7162/6446132261_68ea8050d6_o.jpg
419,https://live.staticflickr.com/8592/30395854142_f323f97dfd_o.jpg
420,https://live.staticflickr.com/34/89322038_4c49143cd4_o.jpg
421,
422,https://live.staticflickr.com/6022/5978304716_529b6f8f68_o.jpg
423,
424,https://live.staticflickr.com/547/19746040755_021a93927d_o.jpg
425,https://live.staticflickr.com/32/64804442_2655ec6f66_o.jpg
426,https://live.staticflickr.com/3930/15241487877_fe0c6ec37f_o.jpg
427,
428,https://live.staticflickr.com/959/41266386824_764afea3c5_o.jpg
429,https://live.staticflickr.com/2115/2352968355_01b70a1629_o.jpg
430,https://live.staticflickr.com/5644/22483541819_1e9e3cae21_o.jpg
431,https://live.staticflickr.com/7393/16239741398_11862fcdd0_o.jpg
432,https://live.staticflickr.com/1730/42460423012_93c7734bfe_o.jpg
433,https://live.staticflickr.com/7026/6519838207_4d9883763a_o.jpg
434,
435,https://live.staticflickr.com/4202/34219694273_432ec34feb_o.jpg
436,
437,https://live.staticflickr.com/574/21302831760_72c046fb73_o.jpg
438,https://live.staticflickr.com/7409/12566337215_5dfa39218d_o.jpg
439,https://live.staticflickr.com/1239/1354434005_10ec8baa2f_o.jpg
440,https://live.staticflickr.com/8795/16869583628_b9971431c9_o.jpg
441,https://live.staticflickr.com/3624/3378713619_bfa6420b68_o.jpg
442,https://live.staticflickr.com/49/150140227_3cb103c883_o.jpg
443,
444,
445,https://live.staticflickr.com/1051/1352822659_4298d4fdc5_o.jpg
446,https://live.staticflickr.com/7121/6985494830_433298d77d_o.jpg
447,https://live.staticflickr.com/3304/3313734818_9b2825394f_o.jpg
448,
449,https://live.staticflickr.com/7165/6787405125_f2c78853c2_o.jpg
450,
451,https://live.staticflickr.com/1616/23652030443_abe02899ea_o.jpg
452,https://live.staticflickr.com/1681/25643003753_09ce9940e8_o.jpg
453,
454,https://live.staticflickr.com/562/20325439330_1bdde26e1b_o.jpg
455,
456,
457,
458,https://live.staticflickr.com/654/20982360911_94631fd65a_o.jpg
459,
460,https://live.staticflickr.com/1907/44740323264_dee8a1dbd9_o.jpg
461,https://live.staticflickr.com/7691/17190883095_ed5ecb67ab_o.jpg
462,
463,https://live.staticflickr.com/4833/40013817443_c7e49be7c4_o.jpg
464,https://live.staticflickr.com/7002/14013063045_df8e505e1c_o.jpg
465,https://live.staticflickr.com/8508/8534970784_717e666769_o.jpg
466,https://live.staticflickr.com/4759/38447882790_388e150f52_o.jpg
467,
468,https://live.staticflickr.com/4417/36743139212_894e473cd7_o.jpg
469,https://live.staticflickr.com/5487/11626572165_0d0b1c1b80_o.jpg
470,https://live.staticflickr.com/65535/47661718621_368dd7f0bb_o.jpg
471,https://live.staticflickr.com/4605/39085634044_140ce73da4_o.jpg
472,https://live.staticflickr.com/8363/8343984254_007d363454_o.jpg
473,https://live.staticflickr.com/2084/2422248943_ec0d6a5ed3_o.jpg
474,
475,https://live.staticflickr.com/3636/3458335611_76cb28a75b_o.jpg
476,https://live.staticflickr.com/1931/44093824455_12c482a619_o.jpg
477,https://live.staticflickr.com/7760/18242432130_645ffe73c5_o.jpg
478,https://live.staticflickr.com/7147/6603251891_53060e0af5_o.jpg
479,https://live.staticflickr.com/3764/10586069926_0bfc6ac4d2_o.jpg
480,https://live.staticflickr.com/3760/11069388256_f320c1a43c_o.jpg
481,https://live.staticflickr.com/3203/4561131777_330f56fa04_o.jpg
482,
483,https://live.staticflickr.com/3486/3275364467_09b399cf3c_o.jpg
484,https://live.staticflickr.com/651/31838896636_ca0fe2a121_o.jpg
485,https://live.staticflickr.com/2764/4096878103_80babae04d_o.jpg
486,
487,
488,
489,
490,
491,https://live.staticflickr.com/5321/8803960044_eb0451248d_o.jpg
492,
493,
494,https://live.staticflickr.com/3290/2930180624_d831fbef8d_o.jpg
495,https://live.staticflickr.com/1475/26162914940_a51d17e7e9_o.jpg
496,https://live.staticflickr.com/7216/13893362442_1769f464ca_o.jpg
497,https://live.staticflickr.com/7163/6519837997_c6e6e399a9_o.jpg
498,https://live.staticflickr.com/776/21296168831_e5de8ac3cf_o.jpg
499,
500,https://live.staticflickr.com/3955/15572011209_c19f4cc83f_o.jpg
501,https://live.staticflickr.com/4849/30896422967_1890d12a98_o.jpg
502,https://live.staticflickr.com/35/72006554_a13783c786_o.jpg
503,https://live.staticflickr.com/5116/14087449697_f3d52c5b64_o.jpg
504,https://live.staticflickr.com/822/40283161725_f9ee72d6f5_o.jpg
505,https://live.staticflickr.com/7704/16570700143_de7a8ab828_o.jpg
506,https://live.staticflickr.com/4366/36534562671_14e5ea82b0_o.jpg
507,https://live.staticflickr.com/696/20934530112_9708f9b00b_o.jpg
508,
509,https://live.staticflickr.com/4548/37704716695_b35893190b_o.jpg
510,https://live.staticflickr.com/4160/34586431826_c74b191292_o.jpg
511,
512,https://live.staticflickr.com/2708/4114778876_023ec7547c_o.jpg
513,
514,
515,https://live.staticflickr.com/1/2306848_66c4d133fb_o.jpg
516,
517,
518,https://live.staticflickr.com/8536/29835497460_10940873db_o.jpg
519,https://live.staticflickr.com/6026/6001856865_f08f2a902f_o.jpg
520,https://live.staticflickr.com/7303/16171736939_1191374059_o.jpg
521,https://live.staticflickr.com/7032/6753775233_ce74769d36_o.jpg
522,https://live.staticflickr.com/2541/3756539456_f15bd78277_o.jpg
523,https://live.staticflickr.com/3636/3455576955_0781cec889_o.jpg
524,
525,
526,https://live.staticflickr.com/2072/2441702008_a96d65a2b3_o.jpg
527,https://live.staticflickr.com/6083/6030785457_63b7a1bc36_o.png
528,
529,https://live.staticflickr.com/8377/8573606043_191bab9b43_o.jpg
530,
531,https://live.staticflickr.com/8223/8277339871_8ac8668d53_o.jpg
532,https://live.staticflickr.com/8077/8427491540_5a3187abe8_o.jpg
533,https://live.staticflickr.com/7600/16891373547_aa2b8f3cc1_o.jpg
534,
535,https://live.staticflickr.com/3/3456509_5ffae5a48e_o.jpg
536,
537,https://live.staticflickr.com/7299/8717243457_dc794e4650_o.jpg
538,https://live.staticflickr.com/8700/16877603992_79ccfc848b_o.jpg
539,https://live.staticflickr.com/1315/5145663289_a947e7dec2_o.jpg
540,https://live.staticflickr.com/5024/13910684925_eb51e20cf3_o.jpg
541,https://live.staticflickr.com/7075/6898778374_2697583ce3_o.jpg
542,https://live.staticflickr.com/7327/9358378542_3cdaa12874_o.jpg
543,
544,https://live.staticflickr.com/11/13578638_dfb3498921_o.jpg
545,https://live.staticflickr.com/191/485906111_c20a1f4f20_o.jpg
546,https://live.staticflickr.com/7167/6519838095_37fec016d0_o.jpg
547,https://live.staticflickr.com/3720/8994031137_e80a40c3de_o.jpg
548,
549,https://live.staticflickr.com/6003/5964956924_e8830216c8_o.jpg
550,https://live.staticflickr.com/7451/9286280821_04dcac79a8_o.jpg
551,
552,
553,https://live.staticflickr.com/8427/29711404215_a8a92b48a0_o.jpg
554,
555,https://live.staticflickr.com/7637/27108549075_d3912288e2_o.jpg
556,https://live.staticflickr.com/5616/15138797164_2110a070ff_o.jpg
557,
558,https://live.staticflickr.com/1744/40902638860_620fefeb81_o.jpg
559,
560,https://live.staticflickr.com/4735/27764725639_18b96589af_o.jpg
561,
562,
563,
564,https://live.staticflickr.com/51/135486563_dec2245ded_o.jpg
565,https://live.staticflickr.com/7626/16746368322_79f6f15eef_o.jpg
566,
567,https://live.staticflickr.com/4470/37590034532_2111d41029_o.jpg
568,https://live.staticflickr.com/2818/10932659136_1e9ab0125f_o.jpg
569,https://live.staticflickr.com/8374/8533862249_c56087204c_o.jpg
570,https://live.staticflickr.com/7640/17189246842_41f2a5e42c_o.jpg
571,
572,https://live.staticflickr.com/3617/3322921686_4e6c4b8525_o.jpg
573,https://live.staticflickr.com/8342/8275487073_574419a52a_o.jpg
574,https://live.staticflickr.com/5251/5557238566_aabc446760_o.jpg
575,https://live.staticflickr.com/7170/6603274147_e223d14afe_o.jpg
576,
577,https://live.staticflickr.com/4153/5146242626_8654682bd7_o.jpg
578,https://live.staticflickr.com/3/6320002_e52f19822c_o.jpg
579,https://live.staticflickr.com/4098/4872126623_6104511b80_o.jpg
580,
581,
582,https://live.staticflickr.com/2179/1522369302_1be42de4aa_o.jpg
583,
584,https://live.staticflickr.com/573/23189934741_df6223b062_o.jpg
585,https://live.staticflickr.com/5631/23323477422_2f8b3fe812_o.jpg
586,
587,https://live.staticflickr.com/2279/1575435707_c2832dc151_o.jpg
588,https://live.staticflickr.com/3592/3548890755_8a7babb39c_o.jpg
589,
590,https://live.staticflickr.com/1121/1117276452_14769942db_o.jpg
591,https://live.staticflickr.com/5586/15177407621_e332b7d691_o.jpg
592,https://live.staticflickr.com/7019/6527905693_6eedbec06c_o.jpg
593,https://live.staticflickr.com/7417/8714366611_5b6ddd6175_o.jpg
594,https://live.staticflickr.com/621/23280239093_c3d53c8d12_o.jpg
595,
596,https://live.staticflickr.com/2858/11191966293_03f3a8775c_o.jpg
597,https://live.staticflickr.com/4014/5146236182_2816fb950b_o.jpg
598,
599,https://live.staticflickr.com/60/190409060_6a17a731e4_o.jpg
600,https://live.staticflickr.com/5479/9184152875_6b8f137d44_o.jpg
601,https://live.staticflickr.com/7229/7299251642_4e63985716_o.jpg
602,https://live.staticflickr.com/3664/3645397680_d4ec08a451_o.jpg
603,https://live.staticflickr.com/2871/10155503564_4d4432eeda_o.jpg
604,
605,https://live.staticflickr.com/7290/27249272523_6230a06c4d_o.jpg
606,
607,https://live.staticflickr.com/2087/32845565206_f6e71834dd_o.jpg
608,https://live.staticflickr.com/5684/23078199622_efb8c1b860_o.jpg
609,
610,https://live.staticflickr.com/8858/28308756804_8c968eed57_o.jpg
611,https://live.staticflickr.com/492/18673028763_cfaa75ca4c_o.jpg
612,
613,
614,
615,https://live.staticflickr.com/6182/6092570469_cca640f8a4_o.jpg
616,https://live.staticflickr.com/1897/29435586097_388777615b_o.jpg
617,https://live.staticflickr.com/229/467360530_226541a231_o.jpg
618,https://live.staticflickr.com/7893/46058047135_2ccdf13ac7_o.jpg
619,https://live.staticflickr.com/8644/16219621372_9068457e98_o.jpg
620,https://live.staticflickr.com/3870/14507875553_c4b411365e_o.jpg
621,https://live.staticflickr.com/5458/9289047352_86dc24c03b_o.jpg
622,https://live.staticflickr.com/316/19779544551_10d53f10de_o.jpg
623,https://live.staticflickr.com/2049/2188081211_79ccc64216_o.jpg
624,https://live.staticflickr.com/119/273870889_240c7183da_o.jpg
625,
626,
627,
628,https://live.staticflickr.com/426/19666048011_45b8c9aa2c_o.jpg
629,https://live.staticflickr.com/8382/8668723845_d6f4a30798_o.jpg
630,
631,https://live.staticflickr.com/3521/3868655477_6880f1da19_o.jpg
632,https://live.staticflickr.com/1304/577493735_de6ad99c23_o.jpg
633,https://live.staticflickr.com/158/373286868_361457b006_o.jpg
634,https://live.staticflickr.com/8372/29207036156_b1da7d9a8b_o.jpg
635,https://live.staticflickr.com/2936/14570118636_23dfab2e75_o.jpg
636,
637,https://live.staticflickr.com/3409/3586421958_7d5edee237_o.jpg
638,
639,https://live.staticflickr.com/6177/6154786931_4654701a85_o.jpg
640,https://live.staticflickr.com/3892/14867804082_c7da0535a1_o.jpg
641,https://live.staticflickr.com/73/170781353_c8e9413b3b_o.jpg
642,https://live.staticflickr.com/8510/8361730649_d5b593a9f1_o.jpg
643,
644,https://live.staticflickr.com/73/160338081_b12a57562d_o.jpg
645,
646,
647,https://live.staticflickr.com/7009/6799288899_a522befe25_o.jpg
648,https://live.staticflickr.com/1678/25101917321_89eaed66f3_o.jpg
649,https://live.staticflickr.com/1752/42345072241_dc5b1a83cc_o.jpg
650,https://live.staticflickr.com/4461/23766437018_f242a35921_o.jpg
651,https://live.staticflickr.com/4681/39463944101_3700a2d1d1_o.jpg
652,
653,https://live.staticflickr.com/9/12577961_22f69aeef9_o.jpg
654,
655,https://live.staticflickr.com/3220/2885410647_18efc5cc55_o.jpg
656,https://live.staticflickr.com/4311/35846923011_22f55bff33_o.jpg
657,https://live.staticflickr.com/1960/43380714540_09d8099bcd_o.jpg
658,https://live.staticflickr.com/6158/6165032163_eafcfc65c4_o.jpg
659,
660,https://live.staticflickr.com/8763/17288576325_fd4a61095b_o.jpg
661,https://live.staticflickr.com/65535/7176088539_49b97ddc39_o.jpg
662,https://live.staticflickr.com/8835/29058762396_e609f756c2_o.jpg
663,https://live.staticflickr.com/5451/30497092672_a296e8d2ae_o.jpg
664,https://live.staticflickr.com/7164/6725553189_3bfbfdf9c2_o.jpg
665,https://live.staticflickr.com/1694/25218012501_1b488c85d6_o.jpg
666,https://live.staticflickr.com/5471/11617100666_b9ddd9b5eb_o.jpg
667,https://live.staticflickr.com/2548/3998315241_5d6952b5e3_o.jpg
668,
669,https://live.staticflickr.com/6155/6165564602_4ba83c9a9c_o.jpg
670,https://live.staticflickr.com/6187/6160085511_73886547ac_o.jpg
671,
672,https://live.staticflickr.com/4692/27520755289_a51f95bc72_o.jpg
673,https://live.staticflickr.com/7021/6470729755_65def7707e_o.jpg
674,https://live.staticflickr.com/184/418053258_853ca18c27_o.jpg
675,https://live.staticflickr.com/2919/32964046793_933147fc07_o.jpg
676,https://live.staticflickr.com/3235/12997820153_8baf02458c_o.jpg
677,
678,
679,
680,
681,https://live.staticflickr.com/7398/16533968515_331234ec49_o.jpg
682,https://live.staticflickr.com/7080/6928622210_2a5424c226_o.jpg
683,https://live.staticflickr.com/7483/15494353819_d1f00eb8dc_o.jpg
684,https://live.staticflickr.com/4747/39391641185_d9e0a34c28_o.jpg
685,https://live.staticflickr.com/62/225895551_b31084fa66_o.jpg
686,https://live.staticflickr.com/6207/6039593865_28353d576f_o.jpg
687,https://live.staticflickr.com/5776/23130193392_acb7d4ca04_o.jpg
688,https://live.staticflickr.com/3077/2480870251_e32a062eaa_o.jpg
689,https://live.staticflickr.com/3230/2834564835_39051b7d3a_o.jpg
690,
691,
692,
693,https://live.staticflickr.com/2926/14112953123_e0601aee40_o.jpg
694,https://live.staticflickr.com/375/32475627201_51771f4ca5_o.jpg
695,https://live.staticflickr.com/7207/6796176976_c24ef858e4_o.jpg
696,
697,https://live.staticflickr.com/900/42099159724_a5a3619c08_o.jpg
698,https://live.staticflickr.com/3306/3610839441_4c4e5c6e27_o.jpg
699,https://live.staticflickr.com/5614/15649681096_06099cb3c7_o.jpg
700,https://live.staticflickr.com/1023/1021497346_73e95cc7d9_o.jpg
701,https://live.staticflickr.com/6170/6165556176_934ef1272e_o.jpg
702,https://live.staticflickr.com/8583/16167695756_dcfd446e3a_o.jpg
703,https://live.staticflickr.com/893/40598856205_56818e36e1_o.jpg
704,https://live.staticflickr.com/7835/33294133008_b9836e7ed9_o.jpg
705,https://live.staticflickr.com/911/27974748878_4da7b554b0_o.jpg
706,
707,https://live.staticflickr.com/862/43472030572_b611cbaa18_o.jpg
708,https://live.staticflickr.com/8676/16668124475_a5f9ae2b02_o.jpg
709,https://live.staticflickr.com/5028/5570019769_a0cfa816cc_o.jpg
710,https://live.staticflickr.com/963/40956507695_1312bbf0ce_o.jpg
711,https://live.staticflickr.com/7170/6500030449_3ed273218f_o.jpg
712,https://live.staticflickr.com/861/42904665285_29f9513f18_o.jpg
713,https://live.staticflickr.com/5296/5462727037_ed7d7f8c37_o.jpg
714,https://live.staticflickr.com/8513/8521737524_357b909c9c_o.jpg
715,
716,https://live.staticflickr.com/2928/14406563348_7554351e1d_o.jpg
717,https://live.staticflickr.com/2173/2063784942_a7cfddd807_o.jpg
718,https://live.staticflickr.com/8583/15864051963_198fbd5c43_o.jpg
719,
720,https://live.staticflickr.com/6173/6165561642_8b201ae8a7_o.jpg
721,
722,https://live.staticflickr.com/5057/5500119767_a43d0bd136_o.jpg
723,https://live.staticflickr.com/8385/8533862219_53da754609_o.jpg
724,https://live.staticflickr.com/7167/6500026235_df288c08e6_o.jpg
725,https://live.staticflickr.com/2329/2299516610_a90bcaf1df_o.jpg
726,https://live.staticflickr.com/4584/24437822438_c0a09a9acb_o.jpg
727,https://live.staticflickr.com/7311/15736060933_f1c3fb364b_o.jpg
728,https://live.staticflickr.com/2413/1508217083_ec6a8455a9_o.jpg
729,
730,https://live.staticflickr.com/4155/33597985094_3b784c5e82_o.jpg
731,https://live.staticflickr.com/14/16418891_7723c02368_o.jpg
732,
733,
734,
735,
736,
737,https://live.staticflickr.com/6149/6020914671_4b60987ffb_o.jpg
738,https://live.staticflickr.com/4022/4286260078_b139daa737_o.png
739,https://live.staticflickr.com/5782/21028172478_8d53752af9_o.jpg
740,https://live.staticflickr.com/5153/14611310505_29246c8911_o.jpg
741,https://live.staticflickr.com/4097/4876547380_df99762bb5_o.jpg
742,https://live.staticflickr.com/8722/16861935665_545ef88d94_o.jpg
743,https://live.staticflickr.com/2116/2095453083_0636045988_o.jpg
744,https://live.staticflickr.com/216/493868765_0fbd161a5e_o.jpg
745,
746,
747,https://live.staticflickr.com/7524/15619206889_c6a8953036_o.jpg
748,https://live.staticflickr.com/1307/4701564309_a03c9a16d4_o.jpg
749,https://live.staticflickr.com/7269/6907742196_c8932351db_o.jpg
750,https://live.staticflickr.com/4540/24288000948_7f83a5e935_o.jpg
751,https://live.staticflickr.com/7747/27698689805_a4f44e4d06_o.jpg
752,
753,https://live.staticflickr.com/5726/30618118452_11dd35c190_o.jpg
754,https://live.staticflickr.com/8306/29043873266_fbb5d8040d_o.jpg
755,https://live.staticflickr.com/8412/30302332382_fdb0304c81_o.jpg
756,https://live.staticflickr.com/7484/15909148902_dc0d3ee5c8_o.jpg
757,https://live.staticflickr.com/7590/26891844532_f56a946a3c_o.jpg
758,
759,https://live.staticflickr.com/911/26900317327_e80f709cb1_o.jpg
760,https://live.staticflickr.com/3200/2517430360_8a43331083_o.jpg
761,https://live.staticflickr.com/52/105605660_ead0683641_o.jpg
762,https://live.staticflickr.com/2616/5698697527_e364ca4636_o.jpg
763,
764,https://live.staticflickr.com/147/354569314_015bbf848f_o.jpg
765,https://live.staticflickr.com/469/18964447461_295614a00f_o.jpg
766,
767,
768,https://live.staticflickr.com/753/31604074376_17a465f610_o.jpg
769,https://live.staticflickr.com/795/41086680011_f9469b6f78_o.jpg
770,https://live.staticflickr.com/4102/5411116439_eaf4e9981c_o.jpg
771,https://live.staticflickr.com/155/346590496_22b0fa6b8c_o.jpg
772,https://live.staticflickr.com/5161/5351905920_3cea394892_o.jpg
773,
774,https://live.staticflickr.com/5805/21361437998_039f58bd78_o.jpg
775,
776,
777,https://live.staticflickr.com/8522/28811985820_9bfe652c6a_o.jpg
778,https://live.staticflickr.com/3253/2774902120_f2857b64e2_o.jpg
779,https://live.staticflickr.com/7310/8935425415_60da2e2a1d_o.jpg
780,https://live.staticflickr.com/8720/29043874136_d21923f391_o.jpg
781,
782,https://live.staticflickr.com/7154/26920723706_2dce8fc09d_o.jpg
783,https://live.staticflickr.com/7067/6819579992_fc7a2a0618_o.jpg
784,https://live.staticflickr.com/4124/5068314367_1745579c2f_o.jpg
785,https://live.staticflickr.com/4143/4773228221_c4efc65dde_o.jpg
786,
787,https://live.staticflickr.com/208/467081695_deb9f915f3_o.jpg
788,https://live.staticflickr.com/7570/15841700799_2458b14323_o.jpg
789,https://live.staticflickr.com/5026/5622623429_54412eb3f0_o.jpg
790,https://live.staticflickr.com/6152/6165568570_2f4f64796c_o.jpg
791,
792,
793,https://live.staticflickr.com/72/162393437_3f1770a4cc_o.jpg
794,https://live.staticflickr.com/11/14728030_8df736df94_o.jpg
795,https://live.staticflickr.com/2300/2425878204_74f17b4a67_o.jpg
796,https://live.staticflickr.com/5126/5369301947_10c437eee6_o.jpg
797,https://live.staticflickr.com/3729/8999781684_87b533c41d_o.jpg
798,
799,
800,https://live.staticflickr.com/2236/2257881596_c9d996236f_o.jpg
801,https://live.staticflickr.com/873/40518367535_3287f5ef6a_o.jpg
802,
803,https://live.staticflickr.com/8329/8133122299_4437d328fd_o.jpg
804,https://live.staticflickr.com/5107/5789486984_6b1a64b00c_o.jpg
805,https://live.staticflickr.com/7657/26525904100_d26e05fa7d_o.jpg
806,https://live.staticflickr.com/1962/31723235858_d9a6ff1c77_o.jpg
807,https://live.staticflickr.com/8039/7983480864_04d1733ec1_o.jpg
808,https://live.staticflickr.com/5055/5461363947_6ef303c90f_o.jpg
809,
810,https://live.staticflickr.com/514/32335989015_87d11c1cb5_o.jpg
811,https://live.staticflickr.com/4226/34509238743_45beeff1c6_o.jpg
812,https://live.staticflickr.com/7706/17003361180_508305169b_o.jpg
813,https://live.staticflickr.com/4525/37755264964_aa9f07aa5e_o.jpg
814,https://live.staticflickr.com/5719/22360502371_31b7e2a6c7_o.jpg
815,https://live.staticflickr.com/5661/23759319450_ed5bccd261_o.jpg
816,https://live.staticflickr.com/1756/41658025205_660d7dc300_o.jpg
817,
818,https://live.staticflickr.com/4834/31952359467_c349c76392_o.png
819,
820,https://live.staticflickr.com/365/32053742810_9710087048_o.jpg
821,https://live.staticflickr.com/3550/3339821661_5e4d59dafc_o.jpg
822,https://live.staticflickr.com/3407/3593549064_802169a675_o.jpg
823,
824,https://live.staticflickr.com/8381/8596317000_f83dbc3a41_o.jpg
825,
826,https://live.staticflickr.com/3092/2459055257_e00cd4a5f1_o.jpg
827,https://live.staticflickr.com/5457/9317724027_d7bf5ba699_o.jpg
828,https://live.staticflickr.com/3356/3215812193_a7f3c2c096_o.jpg
829,https://live.staticflickr.com/1555/23879813150_f2d058e657_o.jpg
830,
831,https://live.staticflickr.com/14/19100662_83082f0d45_o.jpg
832,https://live.staticflickr.com/7102/7322435186_d056a831f4_o.jpg
833,https://live.staticflickr.com/5529/11653271204_5752549437_o.jpg
834,https://live.staticflickr.com/7427/8783948414_0df1107054_o.jpg
835,
836,https://live.staticflickr.com/7073/7248748256_be0f75e494_o.jpg
837,
838,
839,https://live.staticflickr.com/6111/6295040532_619d7788ed_o.jpg
840,https://live.staticflickr.com/7603/16721681929_d23dfb15c5_o.jpg
841,https://live.staticflickr.com/2329/1798775555_1e8e6895c3_o.jpg
842,
843,https://live.staticflickr.com/365/20292039991_d2d94035ef_o.jpg
844,
845,https://live.staticflickr.com/1220/869048624_9c755f7525_o.jpg
846,https://live.staticflickr.com/4024/4324942997_a691f005bc_o.jpg
847,
848,https://live.staticflickr.com/7352/8717281723_b515660b10_o.jpg
849,https://live.staticflickr.com/161/331074059_0cd11a287b_o.jpg
850,https://live.staticflickr.com/1513/25788135220_9184c1be84_o.jpg
851,https://live.staticflickr.com/5330/29824494582_d31392d19f_o.jpg
852,
853,https://live.staticflickr.com/8037/8044483287_17a710c297_o.jpg
854,
855,https://live.staticflickr.com/5185/5625115626_d64c44c1c3_o.jpg
856,https://live.staticflickr.com/8066/8211995738_5a047f8038_o.jpg
857,https://live.staticflickr.com/1561/23771371403_f24925caee_o.jpg
858,https://live.staticflickr.com/8032/8044480608_2d7c718de7_o.jpg
859,
860,
861,
862,https://live.staticflickr.com/522/19955572312_c40268491e_o.jpg
863,https://live.staticflickr.com/5233/14164352827_2e6dfd2f47_o.jpg
864,https://live.staticflickr.com/3212/2483596173_28abfa9f9f_o.jpg
865,https://live.staticflickr.com/6159/6165030293_62ccaf78f7_o.jpg
866,https://live.staticflickr.com/414/18452167783_931a26a22f_o.jpg
867,https://live.staticflickr.com/5310/5614173847_425e23f3b4_o.jpg
868,https://live.staticflickr.com/5047/5302079694_49a18b1f43_o.jpg
869,
870,
871,
872,
873,https://live.staticflickr.com/3297/3595681792_4de13d5963_o.jpg
874,https://live.staticflickr.com/7069/14043116613_7593044b4b_o.jpg
875,https://live.staticflickr.com/7440/9320516604_8dd76259c6_o.jpg
876,
877,https://live.staticflickr.com/3065/2779580380_549b6fe82e_o.jpg
878,https://live.staticflickr.com/7138/7826920422_5455ffbf9b_o.jpg
879,https://live.staticflickr.com/3063/5763927268_2724e85830_o.jpg
880,https://live.staticflickr.com/2310/2825990154_27d86d43e9_o.jpg
881,https://live.staticflickr.com/3830/11102173405_08c64f764d_o.jpg
882,https://live.staticflickr.com/2402/2275738330_6363471ab7_o.jpg
883,https://live.staticflickr.com/7066/6806634534_a6e3fe1aaf_o.jpg
884,
885,https://live.staticflickr.com/5100/5590220723_a82a2787b6_o.jpg
886,https://live.staticflickr.com/8600/15820038791_1ff4dc4a13_o.jpg
887,
888,
889,https://live.staticflickr.com/49/140707321_f6ef594e31_o.jpg
890,https://live.staticflickr.com/8530/8608790331_6ea9e30179_o.jpg
891,https://live.staticflickr.com/1238/950211429_89cd65315c_o.jpg
892,https://live.staticflickr.com/5488/9320516628_802d5ff16b_o.jpg
893,https://live.staticflickr.com/792/40310815634_59d5a0709d_o.jpg
894,https://live.staticflickr.com/7150/6628878071_4c6c026865_o.jpg
895,https://live.staticflickr.com/8386/8679450295_811c4aae30_o.jpg
896,https://live.staticflickr.com/3004/5813525838_2226256aa5_o.jpg
897,https://live.staticflickr.com/7596/16621820900_cf0a0a0f7a_o.jpg
898,https://live.staticflickr.com/6163/6165037947_b7d65a71f1_o.jpg
899,https://live.staticflickr.com/4011/4309658894_6f26c69d84_o.jpg
900,https://live.staticflickr.com/117/253405310_5d91e6420a_o.jpg
901,
902,https://live.staticflickr.com/7302/8947535751_42f0096250_o.jpg
903,https://live.staticflickr.com/3927/15249206257_5c043a2317_o.jpg
904,
905,https://live.staticflickr.com/7041/27379062486_3b1fd1bdb5_o.jpg
906,https://live.staticflickr.com/8231/8533862091_e70b360156_o.jpg
907,https://live.staticflickr.com/5680/22445693531_060a5f8d20_o.jpg
908,https://live.staticflickr.com/8043/8415068508_578997f049_o.jpg
909,https://live.staticflickr.com/1441/25039533606_d91e9f4011_o.jpg
910,
911,
912,https://live.staticflickr.com/7428/27540352205_2281253c4e_o.jpg
913,https://live.staticflickr.com/5740/21010520453_09e788e672_o.jpg
914,
915,https://live.staticflickr.com/4709/40500329131_c508e9cea7_o.jpg
916,https://live.staticflickr.com/7288/16671365888_2033e0849b_o.jpg
917,
918,https://live.staticflickr.com/4433/35712253573_e1e9296f67_o.jpg
919,https://live.staticflickr.com/146/337866870_5965c33eba_o.jpg
920,
921,https://live.staticflickr.com/3064/2546037180_36ed774468_o.jpg
922,https://live.staticflickr.com/7410/9311375428_024e5ba0a1_o.jpg
923,https://live.staticflickr.com/202/466577867_b2e926e121_o.jpg
924,
925,
926,https://live.staticflickr.com/5577/14990612588_92caeb6068_o.jpg
927,https://live.staticflickr.com/2122/2236174259_c061f9caed_o.jpg
928,https://live.staticflickr.com/29/65567686_dceb1b44df_o.jpg
929,
930,https://live.staticflickr.com/1092/1108529636_24fa05c36a_o.jpg
931,https://live.staticflickr.com/2007/2238148523_1cdabf9681_o.jpg
932,https://live.staticflickr.com/3226/2470374494_151677869f_o.jpg
933,https://live.staticflickr.com/3864/14238548648_9f25a957a9_o.jpg
934,https://live.staticflickr.com/4847/46651213052_8b12f88167_o.jpg
935,https://live.staticflickr.com/2698/4497754736_e47062ba82_o.jpg
936,
937,https://live.staticflickr.com/2832/33784272566_8ace4295e2_o.jpg
938,
939,
940,https://live.staticflickr.com/102/291384445_4259f4b7a0_o.jpg
941,https://live.staticflickr.com/57/196387843_85f7de0525_o.jpg
942,
943,https://live.staticflickr.com/2815/11021121763_a7eebb13cd_o.jpg
944,
945,https://live.staticflickr.com/2265/1756716162_f704c08963_o.jpg
946,https://live.staticflickr.com/7327/8783975012_4e27ef5f09_o.jpg
947,
948,
949,https://live.staticflickr.com/3459/3203397487_8f0e0257f6_o.jpg
950,https://live.staticflickr.com/6017/5980796825_fab31e3066_o.jpg
951,
952,
953,https://live.staticflickr.com/4631/39181140044_5579bc0bd4_o.jpg
954,https://live.staticflickr.com/1948/30617353427_74c59a4136_o.jpg
955,https://live.staticflickr.com/5522/14220008241_9380dc7666_o.jpg
956,https://live.staticflickr.com/7435/12205745306_a6c98c748a_o.jpg
957,https://live.staticflickr.com/1238/5122310724_b97d0ec166_o.jpg
958,https://live.staticflickr.com/7028/6819855049_3b9631b23f_o.jpg
959,https://live.staticflickr.com/5692/30734859505_567f4d1e91_o.jpg
960,https://live.staticflickr.com/830/40253879780_8e0bd2e6e2_o.jpg
961,
962,https://live.staticflickr.com/3279/2657948732_15659618c8_o.jpg
963,https://live.staticflickr.com/3218/2921821509_5d44868ecd_o.jpg
964,
965,https://live.staticflickr.com/3943/15455673347_ec8ea29015_o.jpg
966,https://live.staticflickr.com/3053/2555006265_4140f0aee5_o.jpg
967,https://live.staticflickr.com/8207/8183011366_1905c3288f_o.jpg
968,https://live.staticflickr.com/7159/6695208641_be8d372ebf_o.jpg
969,https://live.staticflickr.com/2307/1497448863_097551f957_o.jpg
970,https://live.staticflickr.com/4143/4901594574_e779f905a7_o.jpg
971,https://live.staticflickr.com/5590/14815733636_8520136cd8_o.jpg
972,https://live.staticflickr.com/5785/30552089551_39b77cdcd6_o.jpg
973,https://live.staticflickr.com/82/256039911_cb09d5bd91_o.jpg
974,https://live.staticflickr.com/3221/2340246569_fb4ef36d15_o.jpg
975,https://live.staticflickr.com/966/40454729500_193a01ffa3_o.jpg
976,https://live.staticflickr.com/3912/14648852659_5f055631fc_o.jpg
977,https://live.staticflickr.com/5482/11653401934_495c1e0d99_o.jpg
978,https://live.staticflickr.com/128/318568286_678dcf158a_o.jpg
979,https://live.staticflickr.com/3939/15674716406_b2764933a3_o.jpg
980,
981,
982,
983,
984,https://live.staticflickr.com/5571/14978369120_02847d36b7_o.jpg
985,https://live.staticflickr.com/3133/2886454341_c5dbe28c43_o.jpg
986,https://live.staticflickr.com/3603/3547002502_750502ce7e_o.jpg
987,https://live.staticflickr.com/7576/15636489257_c142fd842c_o.jpg
988,
989,https://live.staticflickr.com/8358/8401246428_ce92849ac7_o.jpg
990,https://live.staticflickr.com/5181/5635462788_fa4b887f83_o.jpg
991,https://live.staticflickr.com/7057/6952601110_0bd165a243_o.jpg
992,https://live.staticflickr.com/2858/10459007525_75dab44d12_o.jpg
993,https://live.staticflickr.com/2/1556924_1b5b160d6f_o.jpg
994,https://live.staticflickr.com/3237/3065060777_0a3198370c_o.jpg
995,https://live.staticflickr.com/2400/2347284214_e4cf8441e5_o.jpg
996,https://live.staticflickr.com/3400/3337017057_582610ef0a_o.jpg
997,https://live.staticflickr.com/3888/33496907115_108ee2023d_o.jpg
998,https://live.staticflickr.com/1195/5121248965_b6b86503ef_o.jpg
999,https://live.staticflickr.com/7052/6967734253_a176d56968_o.jpg
1000,
1001,https://live.staticflickr.com/2464/3589170251_a75ecc2e19_o.jpg
1002,https://live.staticflickr.com/6058/6335288522_8f5b55bdb4_o.jpg
1003,
1004,https://live.staticflickr.com/5613/30425672671_38d511f1d7_o.jpg
1005,https://live.staticflickr.com/24/59668607_7e78d6d375_o.jpg
1006,https://live.staticflickr.com/1670/24140727862_3657cb816e_o.jpg
1007,https://live.staticflickr.com/7119/7784094158_0de13ac9dc_o.jpg
1008,https://live.staticflickr.com/1608/24770274440_531277f2fb_o.jpg
1009,https://live.staticflickr.com/4586/37755029684_66e5797004_o.jpg
1010,https://live.staticflickr.com/5605/15480121120_de29d9943b_o.jpg
1011,https://live.staticflickr.com/4523/37755053994_ab0c2960b9_o.jpg
1012,https://live.staticflickr.com/7453/8730748495_e12fbd1070_o.jpg
1013,
1014,https://live.staticflickr.com/7573/15710616844_f71dc99ee6_o.jpg
1015,
1016,https://live.staticflickr.com/4456/37564043666_55b58716a8_o.jpg
1017,https://live.staticflickr.com/8586/16443263747_d0b2e31b37_o.jpg
1018,
1019,https://live.staticflickr.com/7489/15395638573_cb6a152755_o.jpg
1020,https://live.staticflickr.com/3683/11726444605_f5e8775d31_o.jpg
1021,https://live.staticflickr.com/2735/4507456943_83ca4924b5_o.jpg
1022,https://live.staticflickr.com/124/419221764_46121f6881_o.jpg
1023,https://live.staticflickr.com/1568/23638736034_0971863cbf_o.jpg
1024,
1025,https://live.staticflickr.com/3031/2774896494_c534a38736_o.jpg
1026,https://live.staticflickr.com/965/26833832717_e7c25eb986_o.jpg
1027,https://live.staticflickr.com/5801/30595171492_7f76943dac_o.jpg
1028,
1029,https://live.staticflickr.com/5540/11020913425_09a70fd2bd_o.jpg
1030,https://live.staticflickr.com/47/159948957_d46cdad1d7_o.jpg
1031,
1032,
1033,
1034,
1035,https://live.staticflickr.com/7205/6780753872_5987364eb4_o.jpg
1036,https://live.staticflickr.com/4611/39468148444_48669ffe3b_o.jpg
1037,https://live.staticflickr.com/8173/8073900689_36e2b17e9f_o.jpg
1038,
1039,
1040,https://live.staticflickr.com/2858/11480503825_1c2eaeac8e_o.jpg
1041,
1042,
1043,
1044,https://live.staticflickr.com/4071/4253439726_284f1c57b6_o.jpg
1045,
1046,https://live.staticflickr.com/5344/8783954650_3cc99687aa_o.jpg
1047,https://live.staticflickr.com/3240/3525976470_c8594eb1cd_o.jpg
1048,https://live.staticflickr.com/588/21870466653_d28a2fcca5_o.jpg
1049,
1050,
1051,https://live.staticflickr.com/7171/6809335017_e85e78ea5c_o.jpg
1052,https://live.staticflickr.com/65535/46904998284_a08f4a0c7b_o.jpg
1053,https://live.staticflickr.com/5004/5233715515_64b9ce5230_o.jpg
1054,
1055,https://live.staticflickr.com/491/32341598606_c21f9ae173_o.jpg
1056,https://live.staticflickr.com/8641/16436021817_dbc720e53a_o.jpg
1057,https://live.staticflickr.com/5462/30425688421_eb17c9b91e_o.jpg
1058,
1059,https://live.staticflickr.com/5058/5430730077_fe27833dfb_o.jpg
1060,https://live.staticflickr.com/5279/7179504986_cb135f91f9_o.jpg
1061,https://live.staticflickr.com/8077/8385049554_174fa825b1_o.jpg
1062,https://live.staticflickr.com/8015/7621184388_eab5182f0e_o.jpg
1063,https://live.staticflickr.com/8650/16474831910_9b2835ac1f_o.jpg
1064,
1065,https://live.staticflickr.com/612/21868056915_893eda2852_o.jpg
1066,https://live.staticflickr.com/4781/40672674592_7e00a64fb6_o.jpg
1067,https://live.staticflickr.com/7645/16949334356_51462ec77a_o.jpg
1068,https://live.staticflickr.com/4226/34797456072_5163657083_o.jpg
1069,
1070,
1071,
1072,https://live.staticflickr.com/4057/4306345389_38a9be0b79_o.jpg
1073,https://live.staticflickr.com/2706/4249092168_0c2836ea80_o.jpg
1074,https://live.staticflickr.com/8834/17429409915_2c55d6021c_o.jpg
1075,https://live.staticflickr.com/2284/2151926032_028135c74d_o.jpg
1076,
1077,https://live.staticflickr.com/758/32470238094_dea688b591_o.jpg
1078,https://live.staticflickr.com/4129/5037677721_ff0a951f06_o.jpg
1079,https://live.staticflickr.com/7685/27880403961_807ee5b261_o.jpg
1080,https://live.staticflickr.com/5681/23261715196_a9af52b162_o.jpg
1081,https://live.staticflickr.com/8288/7760007534_86a618bd81_o.jpg
1082,https://live.staticflickr.com/2619/4150989127_4f70e8f01d_o.jpg
1083,
1084,
1085,
1086,https://live.staticflickr.com/7178/6926868727_f0fcf859f1_o.jpg
1087,https://live.staticflickr.com/3105/2607347920_7116d62f74_o.jpg
1088,https://live.staticflickr.com/3032/3015364417_09a5fd7840_o.jpg
1089,https://live.staticflickr.com/3730/11584720425_e2d8066ec6_o.jpg
1090,https://live.staticflickr.com/5506/14584678993_3384aee5fa_o.jpg
1091,https://live.staticflickr.com/7469/15709080494_dd6a08d892_o.jpg
1092,https://live.staticflickr.com/7056/6819269498_dab5b089b5_o.jpg
1093,
1094,https://live.staticflickr.com/376/19388049722_97a356db40_o.jpg
1095,https://live.staticflickr.com/393/19767544372_c650a7d8f4_o.jpg
1096,https://live.staticflickr.com/4132/5090631146_bdf605465d_o.jpg
1097,https://live.staticflickr.com/490/19758148429_b849f79ce0_o.jpg
1098,https://live.staticflickr.com/4058/4253458800_33441dd138_o.jpg
1099,https://live.staticflickr.com/7118/6866336276_c0f598d9c0_o.jpg
1100,https://live.staticflickr.com/1950/44432634435_470dc94d00_o.jpg
1101,https://live.staticflickr.com/3769/11781520046_db23797841_o.jpg
1102,
1103,
1104,
1105,https://live.staticflickr.com/3454/3992458836_67cc482c45_o.jpg
1106,
1107,https://live.staticflickr.com/4380/36328079356_c50d90e520_o.jpg
1108,https://live.staticflickr.com/1862/44296865401_66136af1ac_o.png
1109,
1110,https://live.staticflickr.com/1905/44856714764_16ca464263_o.jpg
1111,
1112,https://live.staticflickr.com/4491/36663503564_e27bb1726e_o.jpg
1113,https://live.staticflickr.com/3102/3241219344_b5aedbf855_o.jpg
1114,https://live.staticflickr.com/4564/38177983536_f0799a9d1b_o.jpg
1115,
1116,https://live.staticflickr.com/7168/6768057843_248e9f4f4a_o.jpg
1117,https://live.staticflickr.com/3262/2374875082_c51b426bf9_o.jpg
1118,https://live.staticflickr.com/107/295457912_17d6a95f1b_o.jpg
1119,https://live.staticflickr.com/8698/16721634529_e1b857d1d8_o.jpg
1120,https://live.staticflickr.com/3895/33211634591_ac19cddfca_o.jpg
1121,https://live.staticflickr.com/7181/6852641609_08f17858f0_o.jpg
1122,https://live.staticflickr.com/5624/29880241933_ba0b57fdf0_o.jpg
1123,https://live.staticflickr.com/4060/5127434761_4f7ac65990_o.jpg
1124,https://live.staticflickr.com/48/154736011_b1929c09fd_o.jpg
1125,https://live.staticflickr.com/3299/3269508946_2e76f66942_o.jpg
1126,
1127,
1128,
1129,https://live.staticflickr.com/3753/9588569465_e767ce2f1b_o.jpg
1130,https://live.staticflickr.com/306/18034305394_4882b17a5a_o.jpg
1131,https://live.staticflickr.com/2692/4145850862_a11576a73f_o.jpg
1132,
1133,https://live.staticflickr.com/1705/24372830880_3a241eba62_o.jpg
1134,https://live.staticflickr.com/4094/4877965177_95b3e2a0fd_o.jpg
1135,https://live.staticflickr.com/8056/8427490944_3c7bf5fa18_o.jpg
1136,
1137,
1138,https://live.staticflickr.com/5476/10884253776_89cefd7ae6_o.jpg
1139,
1140,https://live.staticflickr.com/6145/5917585625_68fbb0c6ee_o.jpg
1141,https://live.staticflickr.com/3503/3896339046_222a53e5d0_o.jpg
1142,https://live.staticflickr.com/4175/34462684481_8d1d115a1f_o.jpg
1143,
1144,https://live.staticflickr.com/6043/6295033150_0b1925ea80_o.jpg
1145,https://live.staticflickr.com/53/155142708_65e78d81d2_o.jpg
1146,https://live.staticflickr.com/4574/27118675549_3d49cce00e_o.jpg
1147,https://live.staticflickr.com/7187/6784318328_ee1c02f891_o.jpg
1148,https://live.staticflickr.com/39/119589568_c2163513c0_o.jpg
1149,
1150,https://live.staticflickr.com/5814/30072816342_893b52efe6_o.jpg
1151,https://live.staticflickr.com/5541/30214256480_519e10877e_o.jpg
1152,https://live.staticflickr.com/2850/9879278325_5450ebbd8d_o.jpg
1153,
1154,https://live.staticflickr.com/4805/46563319042_b89f0eba87_o.jpg
1155,
1156,https://live.staticflickr.com/7517/16305566286_9f031c1685_o.jpg
1157,https://live.staticflickr.com/7639/26784978834_72fb79ce6d_o.jpg
1158,https://live.staticflickr.com/3330/3238264011_2a8758e179_o.jpg
1159,https://live.staticflickr.com/7710/18064748155_cb4b7e5db6_o.jpg
1160,https://live.staticflickr.com/5165/5372554948_c71d329436_o.jpg
1161,
1162,https://live.staticflickr.com/3215/2919823267_2e273a3373_o.jpg
1163,
1164,
1165,https://live.staticflickr.com/5512/30425777051_e9b06c8219_o.jpg
1166,https://live.staticflickr.com/2920/13889882472_c41f7ca6ef_o.jpg
1167,https://live.staticflickr.com/3274/2774048777_a6c695ecdb_o.jpg
1168,
1169,https://live.staticflickr.com/4001/4408104443_f5e11caaaf_o.jpg
1170,https://live.staticflickr.com/3251/3067559354_20c0b0078c_o.jpg
1171,https://live.staticflickr.com/5297/5507231062_30ff9280a2_o.jpg
1172,
1173,https://live.staticflickr.com/3630/5819474519_126a9c6a0b_o.jpg
1174,
1175,https://live.staticflickr.com/7332/11653297464_edf4794b9d_o.jpg
1176,https://live.staticflickr.com/5225/5574863470_58cc31d750_o.jpg
1177,https://live.staticflickr.com/2251/2130175004_2e83d2b335_o.jpg
1178,https://live.staticflickr.com/1429/5183638531_d87b6e98d7_o.jpg
1179,https://live.staticflickr.com/1645/24248867625_44ffeb1345_o.jpg
1180,
1181,https://live.staticflickr.com/4011/4256156030_ac63b1b7dc_o.jpg
1182,https://live.staticflickr.com/5096/5401640603_113203a187_o.jpg
1183,https://live.staticflickr.com/7161/6405778039_3c7f036ac2_o.jpg
1184,
1185,
1186,
1187,https://live.staticflickr.com/5530/29880132983_5a89ce8b3b_o.jpg
1188,https://live.staticflickr.com/3113/2607149112_05c4c99383_o.jpg
1189,
1190,https://live.staticflickr.com/5674/21500179311_84450b2c9b_o.jpg
1191,https://live.staticflickr.com/1927/44717494895_888716f44a_o.jpg
1192,https://live.staticflickr.com/8048/29734600536_5042a945b7_o.jpg
1193,https://live.staticflickr.com/7441/9036487613_ba9abcde40_o.jpg
1194,
1195,
1196,https://live.staticflickr.com/3941/33294746830_c072280f98_o.jpg
1197,
1198,https://live.staticflickr.com/93/269235228_46390ceb35_o.jpg
1199,https://live.staticflickr.com/447/32402770022_66339a3040_o.jpg
1200,https://live.staticflickr.com/1526/25355997911_b8efb030ff_o.jpg
1201,https://live.staticflickr.com/7685/17143899698_a64c999ac5_o.jpg
1202,https://live.staticflickr.com/8663/16643308905_d35da4f979_o.jpg
1203,https://live.staticflickr.com/2331/2273029224_58637db405_o.jpg
1204,https://live.staticflickr.com/7296/12339474623_74fd2ecd32_o.jpg
1205,https://live.staticflickr.com/7137/7759195872_f51c57534d_o.jpg
1206,https://live.staticflickr.com/872/41216950174_6ab42cbc98_o.jpg
1207,
1208,
1209,
1210,https://live.staticflickr.com/6059/5897751499_14f550cd0c_o.jpg
1211,https://live.staticflickr.com/8358/8263310300_0c582b41e6_o.jpg
1212,https://live.staticflickr.com/7326/9479963565_32e88f0198_o.jpg
1213,https://live.staticflickr.com/100/281933616_467cca49b0_o.jpg
1214,
1215,
1216,
1217,https://live.staticflickr.com/7394/9320515598_941dacab77_o.jpg
1218,https://live.staticflickr.com/6026/5919892384_fced8c7f60_o.jpg
1219,
1220,
1221,https://live.staticflickr.com/65/205671267_140293ae09_o.jpg
1222,
1223,
1224,
1225,https://live.staticflickr.com/3377/3561493126_d64a06354e_o.jpg
1226,https://live.staticflickr.com/7226/7159707582_95bcb5b3ab_o.jpg
1227,
1228,
1229,https://live.staticflickr.com/1455/23688114193_4885a3b413_o.jpg
1230,
1231,https://live.staticflickr.com/5483/9536791323_eb2b7ebe83_o.jpg
1232,https://live.staticflickr.com/1383/1026100645_74a51de52e_o.jpg
1233,https://live.staticflickr.com/8493/8331661085_29855cca26_o.jpg
1234,https://live.staticflickr.com/7470/16125496918_2cf911d5b2_o.jpg
1235,https://live.staticflickr.com/3237/2406057587_4b4f89aeb3_o.jpg
1236,https://live.staticflickr.com/806/39658652360_1dbb249350_o.jpg
1237,
1238,
1239,https://live.staticflickr.com/8070/8216975526_9bfa8e343d_o.jpg
1240,https://live.staticflickr.com/3372/3486124707_f746959723_o.jpg
1241,
1242,https://live.staticflickr.com/824/40853813254_8750be0bb6_o.jpg
1243,
1244,https://live.staticflickr.com/2439/3756265976_090b601463_o.jpg
1245,https://live.staticflickr.com/4144/5060583742_dee641020c_o.jpg
1246,
1247,https://live.staticflickr.com/5125/5274510982_351d643b6d_o.jpg
1248,https://live.staticflickr.com/16/20569151_ad5cef9a2e_o.jpg
1249,
1250,
1251,https://live.staticflickr.com/8830/28902646596_49479b8e58_o.jpg
1252,https://live.staticflickr.com/201/494807560_97440253fd_o.jpg
1253,
1254,https://live.staticflickr.com/7201/26712505620_f9f594d76f_o.jpg
1255,
1256,
1257,
1258,
1259,https://live.staticflickr.com/8440/7833780604_e86b0d70e3_o.jpg
1260,https://live.staticflickr.com/7198/6828994366_9733e9d284_o.jpg
1261,https://live.staticflickr.com/7293/9657023661_6e8e0ed92a_o.jpg
1262,
1263,
1264,https://live.staticflickr.com/6080/6055785970_e5cf2d2eff_o.jpg
1265,https://live.staticflickr.com/3491/4023173046_2214de90da_o.jpg
1266,https://live.staticflickr.com/4074/5414350871_a4678b77f6_o.jpg
1267,https://live.staticflickr.com/7074/13935984154_e5b8ce16cf_o.jpg
1268,
1269,
1270,
1271,https://live.staticflickr.com/5466/9486016158_0711bb5e6c_o.jpg
1272,https://live.staticflickr.com/65535/6784321925_8af51aa3f7_o.jpg
1273,https://live.staticflickr.com/7202/6926872921_c0d006556b_o.jpg
1274,https://live.staticflickr.com/4454/37312315486_55f3f68edf_o.jpg
1275,https://live.staticflickr.com/4085/4974610327_c518b27622_o.jpg
1276,https://live.staticflickr.com/5606/15635518949_ec6e9b0942_o.jpg
1277,
1278,
1279,https://live.staticflickr.com/6234/6269313424_7b97256b98_o.jpg
1280,https://live.staticflickr.com/3841/14856323204_90fc8728a1_o.jpg
1281,https://live.staticflickr.com/8045/8418296075_73fb535a29_o.jpg
1282,https://live.staticflickr.com/720/21082868232_b203c90b0a_o.jpg
1283,https://live.staticflickr.com/3313/3549701190_f203b4064c_o.jpg
1284,https://live.staticflickr.com/8728/16816953699_6e3ca51a9b_o.jpg
1285,
1286,https://live.staticflickr.com/3867/14730197815_7784b3ecc6_o.jpg
1287,https://live.staticflickr.com/3909/14526893608_71e3d82949_o.jpg
1288,https://live.staticflickr.com/4152/5208264153_e5b9e28c69_o.jpg
1289,
1290,https://live.staticflickr.com/6145/6024241583_4c498b5da2_o.jpg
1291,https://live.staticflickr.com/3760/19495716393_658da7c36f_o.jpg
1292,https://live.staticflickr.com/109/418155633_99bd84acf2_o.jpg
1293,https://live.staticflickr.com/933/42195024570_741c1ec5d8_o.jpg
1294,https://live.staticflickr.com/416/32041032691_542118a816_o.jpg
1295,https://live.staticflickr.com/7712/17131823820_abab51d51d_o.jpg
1296,
1297,
1298,
1299,https://live.staticflickr.com/7921/46577797665_c8d7593ae8_o.jpg
1300,https://live.staticflickr.com/3934/15623776466_1d4845d77b_o.jpg
1301,https://live.staticflickr.com/7153/6473659219_8d2180ea30_o.jpg
1302,https://live.staticflickr.com/7309/26573220843_9d0dd467a1_o.jpg
1303,https://live.staticflickr.com/8030/8044485417_06edea93a3_o.jpg
1304,https://live.staticflickr.com/4441/36770742963_11c06f7e92_o.jpg
1305,
1306,https://live.staticflickr.com/77/180683396_de0690b577_o.jpg
1307,https://live.staticflickr.com/3221/3141757430_f115a735b3_o.jpg
1308,
1309,https://live.staticflickr.com/7697/26952949776_e79e47017d_o.jpg
1310,https://live.staticflickr.com/35/119049869_fdfeaf4cfc_o.jpg
1311,https://live.staticflickr.com/113/300337597_2fd7b574ee_o.jpg
1312,https://live.staticflickr.com/7477/16175646262_1c8915f430_o.jpg
1313,https://live.staticflickr.com/1975/31293273818_515cd38280_o.jpg
1314,
1315,https://live.staticflickr.com/7042/6780752838_771d74ec4d_o.jpg
1316,
1317,https://live.staticflickr.com/7198/6842451970_ddfdc100ae_o.jpg
1318,https://live.staticflickr.com/3854/14496707769_1a32b32e49_o.jpg
1319,https://live.staticflickr.com/931/40888074174_a180aab5b7_o.jpg
1320,
1321,https://live.staticflickr.com/926/29575034688_04d7782e46_o.jpg
1322,https://live.staticflickr.com/8673/30425680031_27d4856c59_o.jpg
1323,https://live.staticflickr.com/3709/9718458787_47e7440a01_o.jpg
1324,https://live.staticflickr.com/3127/5736214625_21c8b51c4d_o.jpg
1325,https://live.staticflickr.com/3887/14915827475_90ebc7e19a_o.jpg
1326,https://live.staticflickr.com/2357/2184469373_fb6da8c355_o.jpg
1327,https://live.staticflickr.com/8251/8567126044_c33ce2eb82_o.jpg
1328,
1329,
1330,https://live.staticflickr.com/5184/5883609888_e108b28bb9_o.jpg
1331,https://live.staticflickr.com/2006/2238150761_b926dfa9c8_o.jpg
1332,
1333,https://live.staticflickr.com/189/460605516_7c73fc2338_o.jpg
1334,
1335,
1336,
1337,https://live.staticflickr.com/8867/17758623271_9e7e4a51cc_o.jpg
1338,https://live.staticflickr.com/1593/25764567014_08673b1118_o.jpg
1339,https://live.staticflickr.com/2673/3833392915_33bb24396c_o.jpg
1340,https://live.staticflickr.com/5100/5573246212_eeecb9f420_o.jpg
1341,
1342,https://live.staticflickr.com/4131/5163661310_0678330c5a_o.jpg
1343,https://live.staticflickr.com/4013/4574601457_c5464a44af_o.jpg
1344,
1345,https://live.staticflickr.com/3780/9095848763_51546e408f_o.jpg
1346,https://live.staticflickr.com/2473/4041476191_262431f2c1_o.jpg
1347,
1348,https://live.staticflickr.com/274/31202606454_6e10995bd9_o.jpg
1349,https://live.staticflickr.com/3818/12543955613_c309281c34_o.jpg
1350,https://live.staticflickr.com/7023/26382205183_7d70774ffb_o.jpg
1351,https://live.staticflickr.com/8422/7528112384_44de0ec6fa_o.jpg
1352,https://live.staticflickr.com/620/21311192511_119bc63688_o.jpg
1353,
1354,https://live.staticflickr.com/933/42816912024_ca4385cba3_o.jpg
1355,
1356,https://live.staticflickr.com/1597/24654136709_b9b0c00b6a_o.jpg
1357,https://live.staticflickr.com/5341/30382760646_8e4e35fa79_o.jpg
1358,https://live.staticflickr.com/7809/46788857354_3a7cdc2e8e_o.jpg
1359,https://live.staticflickr.com/5569/14869765132_1c2126b1e7_o.jpg
1360,https://live.staticflickr.com/893/41775930644_8efe57dec4_o.jpg
1361,
1362,https://live.staticflickr.com/4333/36643017023_40d525107e_o.jpg
1363,
1364,https://live.staticflickr.com/4062/4267146860_ef8253086d_o.jpg
1365,https://live.staticflickr.com/1397/5184248576_75bef6e98d_o.jpg
1366,https://live.staticflickr.com/7759/27179392480_1532fe47eb_o.jpg
1367,https://live.staticflickr.com/178/445508624_09e5521867_o.jpg
1368,https://live.staticflickr.com/3780/9951539545_1f1cbd7975_o.jpg
1369,https://live.staticflickr.com/6068/6061037820_a9a4c74402_o.jpg
1370,https://live.staticflickr.com/3216/2844031291_9df01e22cf_o.jpg
1371,
1372,https://live.staticflickr.com/7124/7727451170_952c3728bc_o.jpg
1373,https://live.staticflickr.com/3101/3168813710_db445aeeca_o.png
1374,
1375,https://live.staticflickr.com/6078/6150931700_76454a09eb_o.jpg
1376,
1377,https://live.staticflickr.com/3129/2575274628_3a325b91d4_o.jpg
1378,https://live.staticflickr.com/5013/5469879735_3e8c9c2c64_o.jpg
1379,
1380,https://live.staticflickr.com/8066/8231224243_cb2b6b76c0_o.jpg
1381,https://live.staticflickr.com/6003/6017562138_1dd1f7c02a_o.jpg
1382,
1383,https://live.staticflickr.com/3700/11711817534_c7a130716c_o.jpg
1384,https://live.staticflickr.com/5527/10100375873_463d296e1a_o.jpg
1385,https://live.staticflickr.com/1734/40717781300_9f4249c850_o.jpg
1386,https://live.staticflickr.com/3440/3260587868_79d89fc8d9_o.jpg
1387,https://live.staticflickr.com/8027/7573122050_8d93399a94_o.jpg
1388,https://live.staticflickr.com/4861/45858617191_a09e705717_o.jpg
1389,https://live.staticflickr.com/2055/2193649278_65d41cef03_o.jpg
1390,
1391,https://live.staticflickr.com/3237/5725321056_4183911926_o.jpg
1392,
1393,https://live.staticflickr.com/35/122832044_d89af2615c_o.jpg
1394,https://live.staticflickr.com/7202/6780751138_35110af694_o.jpg
1395,https://live.staticflickr.com/5099/5397356283_e8acf15e43_o.jpg
1396,https://live.staticflickr.com/3859/14834876412_69c9ba3d9c_o.jpg
1397,https://live.staticflickr.com/2800/4170822703_984fe6ddc8_o.jpg
1398,
1399,https://live.staticflickr.com/7627/16569125230_6dafe0bca6_o.jpg
1400,https://live.staticflickr.com/1119/1438006274_827ec27bc5_o.jpg
1401,https://live.staticflickr.com/4799/38932182810_cfbfe93271_o.jpg
1402,
1403,https://live.staticflickr.com/6088/6032647384_d3b26289a0_o.jpg
1404,https://live.staticflickr.com/8491/8333567430_0ef6a039c8_o.jpg
1405,https://live.staticflickr.com/7027/26712605580_4b59a09b32_o.jpg
1406,https://live.staticflickr.com/3736/33798021296_49eb9ef82f_o.jpg
1407,https://live.staticflickr.com/5524/11600824393_5f77e98aca_o.jpg
1408,https://live.staticflickr.com/7743/26892055922_7bd04b1f21_o.jpg
1409,
1410,
1411,https://live.staticflickr.com/754/23809650001_bb843b1c72_o.jpg
1412,https://live.staticflickr.com/969/41035879165_472c4e999f_o.jpg
1413,https://live.staticflickr.com/1811/42118512795_2e5b824c3d_o.jpg
1414,https://live.staticflickr.com/6/9890184_c6a6f46b9a_o.jpg
1415,
1416,
1417,https://live.staticflickr.com/7433/16245816997_e75370d1c3_o.jpg
1418,https://live.staticflickr.com/1228/544183213_ddfd37f810_o.jpg
1419,https://live.staticflickr.com/3801/9425475476_1a4eb92be8_o.jpg
1420,https://live.staticflickr.com/4088/5183639623_fc9742581f_o.jpg
1421,
1422,https://live.staticflickr.com/4023/4698122307_265a6c0d7f_o.jpg
1423,
1424,https://live.staticflickr.com/7489/16153094567_caa1f6f014_o.jpg
1425,https://live.staticflickr.com/1445/25087011715_277cabb1a7_o.jpg
1426,
1427,https://live.staticflickr.com/5084/5349852660_b0082eee64_o.jpg
1428,
1429,https://live.staticflickr.com/7201/6780754240_3033200c91_o.jpg
1430,https://live.staticflickr.com/3676/11069387376_8f149ef1a5_o.jpg
1431,
1432,https://live.staticflickr.com/5600/15280304919_60e2b1a083_o.jpg
1433,https://live.staticflickr.com/3623/3328755761_26f2009a6b_o.jpg
1434,https://live.staticflickr.com/8081/28950595961_0187c19dbc_o.jpg
1435,
1436,https://live.staticflickr.com/8707/28320543145_7e699974ee_o.jpg
1437,https://live.staticflickr.com/1433/4600953692_656c4e170e_o.jpg
1438,https://live.staticflickr.com/7397/9766517862_44c302e140_o.jpg
1439,
1440,https://live.staticflickr.com/7039/6842351862_7cc767cc09_o.jpg
1441,https://live.staticflickr.com/8128/15791783226_f939f36681_o.jpg
1442,
1443,
1444,https://live.staticflickr.com/7038/6842720760_c5f0cb0568_o.jpg
1445,https://live.staticflickr.com/3688/9475459542_e09f63afaa_o.jpg
1446,
1447,https://live.staticflickr.com/7066/6988879235_5ba24a6027_o.jpg
1448,https://live.staticflickr.com/6157/6177465993_0f55c33983_o.jpg
1449,https://live.staticflickr.com/6042/6341120779_a446f2d558_o.jpg
1450,https://live.staticflickr.com/5451/29881701874_80593051af_o.jpg
1451,https://live.staticflickr.com/168/424608537_41c2375a70_o.jpg
1452,https://live.staticflickr.com/27/56395287_16d8639b86_o.jpg
1453,
1454,https://live.staticflickr.com/5502/30476110996_47a3a13e18_o.jpg
1455,https://live.staticflickr.com/3473/3175016929_29f1f7c638_o.jpg
1456,https://live.staticflickr.com/199/513075880_90a1d08f28_o.jpg
1457,https://live.staticflickr.com/5557/14659567230_44d853a0f8_o.jpg
1458,https://live.staticflickr.com/8710/27970805490_c066a96b70_o.jpg
1459,https://live.staticflickr.com/5093/5455255846_d7b6ec31c5_o.jpg
1460,
1461,https://live.staticflickr.com/5683/31348685120_7039409711_o.jpg
1462,https://live.staticflickr.com/1019/4728772281_316de0b063_o.jpg
1463,https://live.staticflickr.com/2509/4120758871_0f21097a68_o.jpg
1464,https://live.staticflickr.com/5510/29788340534_6f0836db37_o.jpg
1465,
1466,
1467,
1468,https://live.staticflickr.com/6081/6160034582_b97327aac1_o.jpg
1469,https://live.staticflickr.com/649/21765542898_2194ffaa0b_o.jpg
1470,https://live.staticflickr.com/7257/7609282676_f722f2470c_o.jpg
1471,https://live.staticflickr.com/5587/15191654482_18f226f8ab_o.jpg
1472,
1473,https://live.staticflickr.com/232/470529885_71f37550d9_o.jpg
1474,
1475,https://live.staticflickr.com/5217/5421443261_e16057b166_o.jpg
1476,https://live.staticflickr.com/1151/718973828_49e92f68ab_o.jpg
1477,https://live.staticflickr.com/5755/22246994240_c1f8b5ed74_o.jpg
1478,
1479,https://live.staticflickr.com/5634/29880234313_166a2c37c7_o.jpg
1480,https://live.staticflickr.com/3346/4644685776_a0fe704578_o.jpg
1481,
1482,https://live.staticflickr.com/5304/5659016250_f16951baed_o.jpg
1483,https://live.staticflickr.com/54/149322907_cb76829791_o.jpg
1484,
1485,https://live.staticflickr.com/35/71980960_bbcc119947_o.jpg
1486,https://live.staticflickr.com/6045/6850785188_40e38506cc_o.jpg
1487,https://live.staticflickr.com/4034/4706780021_eda40796a4_o.jpg
1488,https://live.staticflickr.com/3228/2608154150_e0cb49e9bd_o.jpg
1489,https://live.staticflickr.com/3229/2797606742_b5b0ca32a4_o.jpg
1490,
1491,https://live.staticflickr.com/2938/14677188333_50f46cc8a1_o.jpg
1492,
1493,https://live.staticflickr.com/7198/6799411742_990f937f47_o.jpg
1494,https://live.staticflickr.com/8447/7845652178_6dfa5590cf_o.jpg
1495,https://live.staticflickr.com/2146/1582063568_bbcaeae4fc_o.jpg
1496,https://live.staticflickr.com/56/192809448_319f5798ae_o.jpg
1497,
1498,https://live.staticflickr.com/7155/26380814794_e9dab93b14_o.jpg
1499,
1500,https://live.staticflickr.com/6114/6406698959_b738ed27d3_o.jpg
1501,https://live.staticflickr.com/7115/26712608160_6c8d2dbef1_o.jpg
1502,https://live.staticflickr.com/7785/17675857013_9c5145afa8_o.jpg
1503,https://live.staticflickr.com/5683/30518279014_242fda0d9a_o.jpg
1504,https://live.staticflickr.com/8655/30395884362_79cea63d2f_o.jpg
1505,https://live.staticflickr.com/8747/17017724441_cf0a16510e_o.jpg
1506,https://live.staticflickr.com/1914/43813526170_7bf9122d4d_o.jpg
1507,https://live.staticflickr.com/8362/8262242113_8111608c29_o.jpg
1508,https://live.staticflickr.com/7669/26382006683_99037e07f7_o.jpg
1509,https://live.staticflickr.com/7529/26952871816_f83541bbee_o.jpg
1510,
1511,https://live.staticflickr.com/5576/30214328940_56e46d4741_o.jpg
1512,https://live.staticflickr.com/5800/30396004302_dd5e55afd4_o.jpg
1513,https://live.staticflickr.com/8217/8263307062_21a5714c24_o.jpg
1514,https://live.staticflickr.com/8375/8528030374_e76e3cf4f1_o.jpg
1515,https://live.staticflickr.com/7678/26712617320_a06fce1e8e_o.jpg
1516,
1517,https://live.staticflickr.com/8537/29013642855_e88078f1e9_o.jpg
1518,
1519,https://live.staticflickr.com/7673/26382079523_8ec8e7d824_o.jpg
1520,
1521,
1522,https://live.staticflickr.com/2026/2086469837_946883ceb9_o.jpg
1523,
1524,
1525,https://live.staticflickr.com/3616/3329668476_e0cb3bf832_o.jpg
1526,https://live.staticflickr.com/7125/7769283928_f76603ae95_o.jpg
1527,https://live.staticflickr.com/3036/5874700921_0e2eeafba6_o.jpg
1528,https://live.staticflickr.com/7050/8689546029_62cffdbb1f_o.jpg
1529,https://live.staticflickr.com/8299/7865427320_f46325b047_o.jpg
1530,https://live.staticflickr.com/2503/3774825000_182b9d08ed_o.jpg
1531,https://live.staticflickr.com/1388/1364402570_4b48bd3ad6_o.jpg
1532,https://live.staticflickr.com/7176/6944800228_df8bce5b26_o.jpg
1533,
1534,https://live.staticflickr.com/1266/5183638939_3857d0baf6_o.jpg
1535,https://live.staticflickr.com/3838/33567625235_27e67b9731_o.jpg
1536,https://live.staticflickr.com/7225/7380260094_f02609495f_o.jpg
1537,https://live.staticflickr.com/3896/14328271706_0303f58a5b_o.jpg
1538,https://live.staticflickr.com/4027/4415613752_e5cacc382b_o.jpg
1539,https://live.staticflickr.com/117/297470521_8479fea51b_o.jpg
1540,https://live.staticflickr.com/3645/3309805581_cdf424bc0f_o.jpg
1541,https://live.staticflickr.com/5023/5680002969_a85562a492_o.jpg
1542,https://live.staticflickr.com/2190/2367382927_d1ec5f68db_o.jpg
1543,
1544,https://live.staticflickr.com/7458/11154841676_d4dee561e4_o.jpg
1545,https://live.staticflickr.com/51/140398209_f08c06bb5d_o.jpg
1546,https://live.staticflickr.com/8317/8039901800_b29de0385b_o.jpg
1547,
1548,
1549,https://live.staticflickr.com/3243/2879099182_e1cc165fc5_o.jpg
1550,https://live.staticflickr.com/7311/26891961392_fbce639163_o.jpg
1551,
1552,https://live.staticflickr.com/7331/26986405595_e17d79b260_o.jpg
1553,
1554,
1555,https://live.staticflickr.com/8709/28858344131_facffae4c8_o.jpg
1556,https://live.staticflickr.com/7407/13399475305_88436ba93f_o.jpg
1557,https://live.staticflickr.com/5657/30425745171_9577354a3a_o.jpg
1558,
1559,
1560,https://live.staticflickr.com/8063/28779896212_b8a7a0301c_o.jpg
1561,https://live.staticflickr.com/8201/8263310626_470a6d0e6d_o.jpg
1562,https://live.staticflickr.com/7759/26382130743_86139cd541_o.jpg
1563,
1564,https://live.staticflickr.com/529/31730113846_0f1051aaef_o.jpg
1565,https://live.staticflickr.com/4678/38882473455_a0b5dd669b_o.jpg
1566,https://live.staticflickr.com/7015/6539632453_e3a7451fc6_o.jpg
1567,https://live.staticflickr.com/7487/15627208254_8a1b10974b_o.jpg
1568,
1569,https://live.staticflickr.com/2862/13383594234_c5d0761358_o.jpg
1570,https://live.staticflickr.com/4079/4942315879_1135f982ba_o.jpg
1571,https://live.staticflickr.com/5075/6902664192_4fc5a9d09f_o.jpg
1572,https://live.staticflickr.com/3117/2705846547_1bccf63600_o.jpg
1573,https://live.staticflickr.com/7297/27885808711_9e62247b03_o.jpg
1574,https://live.staticflickr.com/26/62914297_3bf90a0e90_o.jpg
1575,https://live.staticflickr.com/3913/14791741141_9abff142cd_o.jpg
1576,https://live.staticflickr.com/5022/5602964832_7accbe03d0_o.jpg
1577,https://live.staticflickr.com/70/196401988_a77a243d99_o.jpg
1578,https://live.staticflickr.com/5349/30214295920_02a5b1c831_o.jpg
1579,https://live.staticflickr.com/145/346471653_cfc26655b0_o.jpg
1580,
1581,
1582,
1583,
1584,
1585,https://live.staticflickr.com/6212/6295090556_c9b145ec99_o.jpg
1586,https://live.staticflickr.com/2433/3666588614_7a7c4b0b73_o.jpg
1587,https://live.staticflickr.com/3561/3326392700_50144d3cdd_o.jpg
1588,
1589,https://live.staticflickr.com/5022/5741053885_5a2af7b5f5_o.jpg
1590,
1591,https://live.staticflickr.com/182/370299295_80813d54dc_o.jpg
1592,
1593,
1594,
1595,
1596,https://live.staticflickr.com/3673/19837169115_4ff841f2a6_o.jpg
1597,https://live.staticflickr.com/3162/2774896062_015ce35c98_o.jpg
1598,https://live.staticflickr.com/8452/7991377938_71a2a88de2_o.jpg
1599,
1600,https://live.staticflickr.com/7112/27203351642_f38c99dbfd_o.jpg
1601,https://live.staticflickr.com/8125/8698960744_f047ac5d8f_o.jpg
1602,https://live.staticflickr.com/174/483665567_d5e739a36e_o.jpg
1603,https://live.staticflickr.com/7348/26952925316_8663873f14_o.jpg
1604,https://live.staticflickr.com/7393/26712498860_d054a87dfb_o.jpg
1605,https://live.staticflickr.com/7726/26917723521_1f8913ce67_o.jpg
1606,https://live.staticflickr.com/7573/26382068113_33011c6771_o.jpg
1607,https://live.staticflickr.com/5347/31181352922_a5a07fee7c_o.jpg
1608,https://live.staticflickr.com/2805/33879862926_bebb858e52_o.jpg
1609,https://live.staticflickr.com/5721/21281481642_5d474e4057_o.jpg
1610,
1611,https://live.staticflickr.com/3908/14986539051_220617f180_o.jpg
1612,https://live.staticflickr.com/258/18773611593_c3d4bc2a65_o.jpg
1613,https://live.staticflickr.com/3511/3234874271_9a66654cb0_o.jpg
1614,
1615,https://live.staticflickr.com/3798/9331391801_a347d572e4_o.jpg
1616,https://live.staticflickr.com/3659/5723369319_ce948e3b99_o.jpg
1617,
1618,https://live.staticflickr.com/158/370299285_9a82f8e993_o.jpg
1619,https://live.staticflickr.com/65/238401761_30109e0b17_o.jpg
1620,
1621,https://live.staticflickr.com/6137/5972405873_b6dac6bed2_o.jpg
1622,
1623,https://live.staticflickr.com/7053/6970664161_689aea3a6b_o.jpg
1624,https://live.staticflickr.com/2522/4124639895_32dc12b3a9_o.jpg
1625,https://live.staticflickr.com/5472/29880143813_4010baf1c7_o.jpg
1626,https://live.staticflickr.com/8262/8616736564_d7c0b8e4f1_o.jpg
1627,
1628,
1629,https://live.staticflickr.com/7189/6780762448_32f8395d37_o.jpg
1630,https://live.staticflickr.com/3879/14652799190_0cc44ea596_o.jpg
1631,https://live.staticflickr.com/7157/6694329181_fac4ba06d5_o.jpg
1632,
1633,
1634,
1635,
1636,https://live.staticflickr.com/5559/15258718065_5bc4928151_o.jpg
1637,
1638,https://live.staticflickr.com/1192/1387469064_c7eb81355b_o.jpg
1639,https://live.staticflickr.com/7199/6858989785_9724bfc075_o.jpg
1640,https://live.staticflickr.com/5567/14878671443_35e2d19d35_o.jpg
1641,
1642,https://live.staticflickr.com/2467/32514216780_fe2ea43b2f_o.jpg
1643,https://live.staticflickr.com/7564/27713061195_04001c5997_o.jpg
1644,https://live.staticflickr.com/146/377240807_6b949073a7_o.jpg
1645,
1646,https://live.staticflickr.com/8568/16319489888_a58d684274_o.jpg
1647,https://live.staticflickr.com/6240/6214990495_2c4c862be1_o.jpg
1648,https://live.staticflickr.com/5526/9333575385_745afa04a5_o.jpg
1649,
1650,https://live.staticflickr.com/8229/8585607049_fdf8a9723c_o.jpg
1651,https://live.staticflickr.com/2167/2505615644_cb1477c7a4_o.jpg
1652,
1653,
1654,https://live.staticflickr.com/7063/26381975463_67c80e1b5c_o.jpg
1655,
1656,https://live.staticflickr.com/8559/29787246073_a0b1c98fec_o.jpg
1657,https://live.staticflickr.com/7798/26753704953_29368d475a_o.jpg
1658,
1659,https://live.staticflickr.com/1489/24995442846_34d72edb94_o.jpg
1660,
1661,https://live.staticflickr.com/3142/2763202404_1340fd6ee9_o.jpg
1662,
1663,
1664,
1665,https://live.staticflickr.com/2818/33701522902_dcc0595133_o.jpg
1666,https://live.staticflickr.com/676/31886206854_86cf3f83d3_o.jpg
1667,
1668,https://live.staticflickr.com/3838/14408433145_7d75d96f8d_o.jpg
1669,https://live.staticflickr.com/3297/3564117441_15dab10c52_o.jpg
1670,https://live.staticflickr.com/8764/17056195942_56799c6f48_o.jpg
1671,https://live.staticflickr.com/1829/41546851990_52c02fdca3_o.jpg
1672,https://live.staticflickr.com/1761/43203130111_9b546e814b_o.jpg
1673,https://live.staticflickr.com/6098/6291842550_7df48a5b8f_o.jpg
1674,https://live.staticflickr.com/1638/24336253223_8417506376_o.jpg
1675,https://live.staticflickr.com/5687/23313516123_0cb70d20da_o.jpg
1676,https://live.staticflickr.com/4722/40244068482_893701607d_o.jpg
1677,https://live.staticflickr.com/46/154619954_69cf761189_o.jpg
1678,
1679,
1680,https://live.staticflickr.com/7533/16329736041_3b6e37b31d_o.jpg
1681,https://live.staticflickr.com/88/274822171_1b2fd05ce1_o.jpg
1682,
1683,
1684,
1685,https://live.staticflickr.com/7027/6682368901_bc8bddc611_o.jpg
1686,https://live.staticflickr.com/4117/4867375789_5d57ef93ba_o.jpg
1687,
1688,https://live.staticflickr.com/7265/7554412904_ea8c5b2c2d_o.jpg
1689,
1690,https://live.staticflickr.com/7090/7355160488_7053bc0a01_o.jpg
1691,https://live.staticflickr.com/182/368292546_f16ab85f3e_o.jpg
1692,https://live.staticflickr.com/3357/3312103259_2f9e72cf36_o.jpg
1693,https://live.staticflickr.com/193/496612632_572315bef8_o.jpg
1694,https://live.staticflickr.com/5173/5417905247_c036cdedcc_o.jpg
1695,https://live.staticflickr.com/937/43507629651_4a7b1a4d66_o.jpg
1696,https://live.staticflickr.com/2810/13367585075_665ef3b1df_o.jpg
1697,https://live.staticflickr.com/8314/8030550595_f2f206825e_o.jpg
1698,
1699,https://live.staticflickr.com/8635/16714617555_872d9f0274_o.jpg
1700,https://live.staticflickr.com/7617/26986407675_1365b639c7_o.jpg
1701,https://live.staticflickr.com/7516/26986420755_b54dfcba31_o.jpg
1702,https://live.staticflickr.com/86/223473480_41920f2f56_o.jpg
1703,https://live.staticflickr.com/7238/7160121744_f950cb92e7_o.jpg
1704,https://live.staticflickr.com/6190/6095146372_9d1a188145_o.jpg
1705,https://live.staticflickr.com/1713/24844716844_5b11a29c58_o.jpg
1706,https://live.staticflickr.com/2481/3847447482_199bdc3894_o.jpg
1707,https://live.staticflickr.com/4060/4400668622_ba27dca0e4_o.jpg
1708,https://live.staticflickr.com/7180/26891924802_684304d306_o.jpg
1709,https://live.staticflickr.com/8865/28151258154_634393a032_o.jpg
1710,https://live.staticflickr.com/8563/16462985518_1bcde9dc7d_o.jpg
1711,https://live.staticflickr.com/1401/756037764_a420e860e8_o.jpg
1712,https://live.staticflickr.com/5517/29880210273_5092d4946d_o.jpg
1713,
1714,
1715,
1716,
1717,https://live.staticflickr.com/2121/2288542432_a909035521_o.jpg
1718,https://live.staticflickr.com/20/70388592_2f845c7e7b_o.jpg
1719,
1720,https://live.staticflickr.com/8523/8533862215_8e9b5a9d56_o.jpg
1721,https://live.staticflickr.com/7589/26712540160_0d55f59ec1_o.jpg
1722,https://live.staticflickr.com/7619/16700504377_0c72070589_o.jpg
1723,
1724,https://live.staticflickr.com/7188/6843160708_0346be128c_o.jpg
1725,
1726,https://live.staticflickr.com/121/267160207_235e6a9423_o.jpg
1727,https://live.staticflickr.com/7042/6971012050_acc1226cd1_o.jpg
1728,https://live.staticflickr.com/3305/3453995022_45155a4dd4_o.jpg
1729,https://live.staticflickr.com/7173/6495464497_ff530276c8_o.jpg
1730,
1731,
1732,https://live.staticflickr.com/8568/15323046584_b63c2133df_o.jpg
1733,https://live.staticflickr.com/2882/11313562015_f69a363f87_o.jpg
1734,https://live.staticflickr.com/3620/3687930686_f7359323ca_o.jpg
1735,https://live.staticflickr.com/7450/12755029704_bb0b656ef9_o.jpg
1736,https://live.staticflickr.com/2647/4010287262_b31d6d5492_o.jpg
1737,
1738,https://live.staticflickr.com/548/18492362218_2569571805_o.jpg
1739,
1740,https://live.staticflickr.com/3258/2822904624_4380c8a522_o.jpg
1741,https://live.staticflickr.com/16/19730386_f6c35190a5_o.jpg
1742,
1743,
1744,https://live.staticflickr.com/2923/14732746816_5a5622a3fe_o.jpg
1745,https://live.staticflickr.com/7514/15821638505_60cb54609d_o.jpg
1746,https://live.staticflickr.com/2586/13062978835_6ca1954b50_o.jpg
1747,https://live.staticflickr.com/3065/2861096518_c3b952babd_o.jpg
1748,
1749,https://live.staticflickr.com/7446/15976724143_00c623df9f_o.jpg
1750,https://live.staticflickr.com/5712/30476028846_ac6918b545_o.jpg
1751,https://live.staticflickr.com/5788/30102558044_419c6dffae_o.jpg
1752,
1753,https://live.staticflickr.com/5186/5648983951_97e8dd2aa5_o.jpg
1754,
1755,https://live.staticflickr.com/699/22186317001_bba8c0310f_o.jpg
1756,https://live.staticflickr.com/1534/26315504271_85b3d7f225_o.jpg
1757,https://live.staticflickr.com/603/31672956315_bc85e2fb66_o.jpg
1758,
1759,
1760,https://live.staticflickr.com/5755/29881704624_58137a2a86_o.jpg
1761,https://live.staticflickr.com/1770/29155296878_b7cccee086_o.jpg
1762,https://live.staticflickr.com/7599/17017155382_c942261b14_o.jpg
1763,https://live.staticflickr.com/4117/4827917704_2583bae0f2_o.jpg
1764,https://live.staticflickr.com/1098/561737807_8367d7b4ab_o.jpg
1765,https://live.staticflickr.com/7267/7077800107_bccae6b549_o.png
1766,
1767,https://live.staticflickr.com/6096/6339035483_bc55901ff6_o.jpg
1768,https://live.staticflickr.com/8631/15714723948_87ff42136d_o.jpg
1769,https://live.staticflickr.com/1690/26343493456_0db45fc911_o.jpg
1770,
1771,
1772,https://live.staticflickr.com/3405/3205427783_19693421e6_o.jpg
1773,
1774,
1775,https://live.staticflickr.com/4129/4949467586_4bc35bae56_o.jpg
1776,https://live.staticflickr.com/4088/5008164595_597ac0b669_o.jpg
1777,
1778,
1779,https://live.staticflickr.com/7043/8732537210_09488241ac_o.jpg
1780,https://live.staticflickr.com/54/174585076_e3900791f5_o.jpg
1781,https://live.staticflickr.com/7476/15671791003_330b66ecfa_o.jpg
1782,https://live.staticflickr.com/7204/6988474777_649bd60a5c_o.jpg
1783,https://live.staticflickr.com/2896/14556138749_07afee03c7_o.jpg
1784,https://live.staticflickr.com/5032/14036195584_faabd1c308_o.jpg
1785,https://live.staticflickr.com/113/310789167_61aa226ba7_o.jpg
1786,https://live.staticflickr.com/2896/14295004552_b82c37d393_o.jpg
1787,https://live.staticflickr.com/1540/26005489074_98af17f13e_o.jpg
1788,https://live.staticflickr.com/3788/11951422325_b11204373a_o.jpg
1789,
1790,
1791,
1792,https://live.staticflickr.com/7103/8731412067_6291f31bcf_o.jpg
1793,https://live.staticflickr.com/7711/17106916420_98beec4f9c_o.jpg
1794,
1795,
1796,https://live.staticflickr.com/2886/13303214493_2983b0897b_o.jpg
1797,https://live.staticflickr.com/7522/15806726936_db00496697_o.jpg
1798,
1799,https://live.staticflickr.com/7004/6827952843_934ae31c1e_o.jpg
1800,https://live.staticflickr.com/61/170834858_3e6ab81f28_o.jpg
1801,https://live.staticflickr.com/7425/9308707439_c5cc27744a_o.jpg
1802,https://live.staticflickr.com/680/21942001852_51bc32532a_o.jpg
1803,https://live.staticflickr.com/661/20761087683_7790503a4a_o.jpg
1804,
1805,
1806,
1807,https://live.staticflickr.com/7171/6738220741_1a705e20b5_o.jpg
1808,https://live.staticflickr.com/7773/26382071943_654ef2b3e0_o.jpg
1809,https://live.staticflickr.com/4835/47018630311_3acc06498b_o.jpg
1810,
1811,https://live.staticflickr.com/7512/26986414865_99885573ee_o.jpg
1812,https://live.staticflickr.com/1963/45340626962_85d127b1dc_o.jpg
1813,
1814,https://live.staticflickr.com/8152/28483292205_05e2d94012_o.jpg
1815,https://live.staticflickr.com/8019/29382012141_8723582e47_o.jpg
1816,https://live.staticflickr.com/7135/26380875514_83757a1a72_o.jpg
1817,https://live.staticflickr.com/3127/2599748861_43852290d8_o.jpg
1818,https://live.staticflickr.com/3137/2642654290_01302ce9c9_o.jpg
1819,https://live.staticflickr.com/7194/6865303125_4d2c45889b_o.jpg
1820,https://live.staticflickr.com/4043/4497122561_7aabfcea68_o.jpg
1821,https://live.staticflickr.com/1311/5109845255_cae21076bc_o.jpg
1822,https://live.staticflickr.com/3350/3313512698_0cb5bbc83c_o.jpg
1823,https://live.staticflickr.com/3812/13115669814_f2ca42c0dc_o.jpg
1824,
1825,https://live.staticflickr.com/114/266841679_55382f3d89_o.jpg
1826,
1827,https://live.staticflickr.com/878/28520449088_1a36c80d1c_o.jpg
1828,
1829,
1830,https://live.staticflickr.com/4145/5048603153_405f379d45_o.jpg
1831,https://live.staticflickr.com/4061/4308880213_008195329e_o.jpg
1832,https://live.staticflickr.com/8749/16396175584_9c0d4eb52e_o.jpg
1833,https://live.staticflickr.com/5215/5477959889_6ebe4f1e7b_o.png
1834,https://live.staticflickr.com/2633/4023824329_77017415bc_o.jpg
1835,https://live.staticflickr.com/7871/46168781484_7834a3fb3f_o.png
1836,
1837,https://live.staticflickr.com/1162/631894862_7bb3ccbe33_o.jpg
1838,
1839,https://live.staticflickr.com/4/4917570_7aa8c14597_o.jpg
1840,
1841,https://live.staticflickr.com/8699/17018595995_75e007071c_o.jpg
1842,
1843,https://live.staticflickr.com/8301/7913332734_7f9b31637e_o.jpg
1844,
1845,
1846,
1847,https://live.staticflickr.com/5832/30122045030_ca5330c1f8_o.jpg
1848,https://live.staticflickr.com/7008/6500028693_ece259a29d_o.jpg
1849,https://live.staticflickr.com/31/62963044_ddf340edb2_o.jpg
1850,https://live.staticflickr.com/7201/6896471645_ec21d4a9bb_o.jpg
1851,https://live.staticflickr.com/8639/27757409204_f8ab9ee17a_o.jpg
1852,https://live.staticflickr.com/3914/33350028806_39e72c46d3_o.jpg
1853,https://live.staticflickr.com/3134/5814950659_a12d662ed9_o.jpg
1854,https://live.staticflickr.com/7590/16396178204_f68a2a6744_o.jpg
1855,https://live.staticflickr.com/7228/26917687041_0993996e9a_o.jpg
1856,https://live.staticflickr.com/1662/26597402445_f19b8a00e9_o.jpg
1857,https://live.staticflickr.com/4376/36008640684_a30769f019_o.jpg
1858,https://live.staticflickr.com/4723/40136948561_885a87f6d5_o.jpg
1859,https://live.staticflickr.com/101/303701385_88ed51ffb2_o.jpg
1860,https://live.staticflickr.com/7339/9098094332_70ae3e108f_o.jpg
1861,https://live.staticflickr.com/8656/16463167280_d265a1f53f_o.jpg
1862,https://live.staticflickr.com/8076/8276896029_3d7de87ef0_o.jpg
1863,https://live.staticflickr.com/7527/26952941366_dc79e2a68d_o.jpg
1864,https://live.staticflickr.com/1165/968672446_dc58bd2e6f_o.jpg
1865,
1866,https://live.staticflickr.com/7011/6669187271_9874939ff2_o.jpg
1867,https://live.staticflickr.com/191/491462747_0db7564a6c_o.jpg
1868,
1869,https://live.staticflickr.com/8728/17292776606_ed5f37d9ba_o.jpg
1870,
1871,https://live.staticflickr.com/2702/4432771612_4993f83503_o.jpg
1872,https://live.staticflickr.com/3189/5863408003_a57a324249_o.jpg
1873,https://live.staticflickr.com/3279/3011707158_8bf70facd2_o.jpg
1874,
1875,https://live.staticflickr.com/4006/4443075872_6b5123d3a1_o.jpg
1876,https://live.staticflickr.com/3041/2845769208_ac635c1f0a_o.jpg
1877,
1878,https://live.staticflickr.com/1221/3174618167_281ba15292_o.jpg
1879,
1880,
1881,
1882,https://live.staticflickr.com/6076/6145765927_bf7c0410f5_o.jpg
1883,
1884,https://live.staticflickr.com/3592/3517892651_7f440c6e96_o.jpg
1885,
1886,https://live.staticflickr.com/3460/5723962763_32a44d8332_o.png
1887,https://live.staticflickr.com/75/218796916_1c2a054eb3_o.jpg
1888,https://live.staticflickr.com/3208/3143646311_32f97ff67d_o.jpg
1889,
1890,https://live.staticflickr.com/5448/7176022434_79301d8892_o.jpg
1891,https://live.staticflickr.com/397/20030727976_96c212bf3d_o.jpg
1892,https://live.staticflickr.com/213/489666757_b92a94c11a_o.jpg
1893,https://live.staticflickr.com/1534/24406903605_7580b2c69c_o.jpg
1894,
1895,https://live.staticflickr.com/2236/2263294492_ff06e83b04_o.jpg
1896,https://live.staticflickr.com/4143/4922648275_32e0cfdcbc_o.jpg
1897,https://live.staticflickr.com/56/137105573_637d4be225_o.jpg
1898,https://live.staticflickr.com/49/146352049_cf2aa5df7c_o.jpg
1899,https://live.staticflickr.com/5174/5574705356_3f32547ded_o.jpg
1900,https://live.staticflickr.com/2596/3991700469_1808a98850_o.jpg
1901,
1902,https://live.staticflickr.com/2133/2094865434_966f86a392_o.jpg
1903,
1904,
1905,https://live.staticflickr.com/5727/30302336742_1eab498f27_o.jpg
1906,https://live.staticflickr.com/1750/40643710690_a1786919c0_o.jpg
1907,https://live.staticflickr.com/929/43251487184_3cddb905ff_o.jpg
1908,https://live.staticflickr.com/7204/6926116354_4c907b97d2_o.jpg
1909,
1910,https://live.staticflickr.com/8565/16089219895_e3b2a97b7b_o.jpg
1911,
1912,https://live.staticflickr.com/59/190416071_cbaa67baa1_o.jpg
1913,https://live.staticflickr.com/8278/30382886836_bcd86d99d6_o.jpg
1914,
1915,
1916,https://live.staticflickr.com/10/17503231_963591f7a4_o.jpg
1917,https://live.staticflickr.com/103/284911402_f3ebfd9e97_o.jpg
1918,
1919,https://live.staticflickr.com/3840/14850627271_b41e3bc95f_o.jpg
1920,
1921,https://live.staticflickr.com/1482/25218859943_c0c10e1dcd_o.jpg
1922,
1923,https://live.staticflickr.com/4063/4521220521_4ab8e63aa6_o.jpg
1924,https://live.staticflickr.com/87/269749399_fc4bd421be_o.jpg
1925,https://live.staticflickr.com/7057/6974263088_8dda7f4146_o.jpg
1926,https://live.staticflickr.com/545/19494338072_03e9bc2c87_o.jpg
1927,https://live.staticflickr.com/7484/15654212275_fe11bbb303_o.jpg
1928,https://live.staticflickr.com/1971/44433028705_003216dbf1_o.jpg
1929,https://live.staticflickr.com/155/391030383_b07e8dcd9a_o.jpg
1930,https://live.staticflickr.com/6215/6333575230_abee48eb49_o.jpg
1931,https://live.staticflickr.com/7040/6926874529_a3cf1b2246_o.jpg
1932,https://live.staticflickr.com/2477/3557567360_457a04f3af_o.jpg
1933,https://live.staticflickr.com/4018/4548688137_7618703d42_o.jpg
1934,https://live.staticflickr.com/7536/15629766209_bc212424d5_o.jpg
1935,
1936,https://live.staticflickr.com/252/458515141_c9cb30d6c9_o.jpg
1937,https://live.staticflickr.com/802/40965798371_32f93033d4_o.jpg
1938,
1939,https://live.staticflickr.com/7319/13571319903_9dc6ff0e29_o.jpg
1940,
1941,https://live.staticflickr.com/3159/4557338886_1df5278609_o.png
1942,https://live.staticflickr.com/7055/6946996823_1df929abb7_o.jpg
1943,
1944,
1945,https://live.staticflickr.com/8657/15817141082_d5c960981a_o.jpg
1946,
1947,https://live.staticflickr.com/7301/15815673374_4a8c3e5d40_o.jpg
1948,https://live.staticflickr.com/185/370413243_224205aef7_o.jpg
1949,
1950,https://live.staticflickr.com/8131/28829604852_37ff6fc19a_o.jpg
1951,
1952,https://live.staticflickr.com/1449/26470263012_6886c93556_o.jpg
1953,
1954,https://live.staticflickr.com/3540/3991693081_c9dfbf2c8d_o.jpg
1955,https://live.staticflickr.com/108/305745125_1c4063c54b_o.jpg
1956,https://live.staticflickr.com/1656/24439006663_38aa8d0fa0_o.jpg
1957,https://live.staticflickr.com/4618/25354453007_ce22515246_o.jpg
1958,https://live.staticflickr.com/3870/15115211587_449dfd0599_o.jpg
1959,
1960,https://live.staticflickr.com/3114/2322235534_0e76f97534_o.jpg
1961,https://live.staticflickr.com/80/212774492_376b53fd54_o.jpg
1962,
1963,https://live.staticflickr.com/2042/2271169776_63509b2d73_o.jpg
1964,https://live.staticflickr.com/3571/3374243573_f35e8ac38a_o.jpg
1965,https://live.staticflickr.com/5155/7184143022_ddb77bdabc_o.jpg
1966,https://live.staticflickr.com/6176/6173286511_522a19bff7_o.jpg
1967,https://live.staticflickr.com/7679/17126112268_187292095a_o.jpg
1968,https://live.staticflickr.com/7610/16398470123_a8bbb912a5_o.jpg
1969,https://live.staticflickr.com/105/291479966_2af1d7573d_o.jpg
1970,https://live.staticflickr.com/7327/14072497744_1735f91d70_o.jpg
1971,https://live.staticflickr.com/3381/3312933396_23920e2514_o.jpg
1972,https://live.staticflickr.com/3920/19035616886_352f92ec36_o.jpg
1973,https://live.staticflickr.com/6085/6039883791_bcca19b2da_o.jpg
1974,https://live.staticflickr.com/1962/31758839208_5b1fee361c_o.jpg
1975,https://live.staticflickr.com/436/32004416346_865ef27a78_o.jpg
1976,https://live.staticflickr.com/5245/5206076130_61505ba88c_o.jpg
1977,https://live.staticflickr.com/1507/26162885366_76034f17cb_o.jpg
1978,https://live.staticflickr.com/3290/2977685410_c178b85608_o.jpg
1979,https://live.staticflickr.com/827/26696546497_2a2d05ea5c_o.jpg
1980,https://live.staticflickr.com/3839/14635434581_902aa21468_o.jpg
1981,
1982,https://live.staticflickr.com/7269/7464847268_e1d29593c6_o.jpg
1983,https://live.staticflickr.com/8143/7558698742_d5b21fb836_o.jpg
1984,https://live.staticflickr.com/5712/31447327155_73cfc75468_o.jpg
1985,https://live.staticflickr.com/3488/3945016019_df7f3e79a0_o.jpg
1986,
1987,
1988,
1989,https://live.staticflickr.com/3887/15309982516_456c3a0d25_o.jpg
1990,https://live.staticflickr.com/8425/7559016458_b6267a8a14_o.jpg
1991,https://live.staticflickr.com/5092/5422403969_9ac4f833da_o.jpg
1992,https://live.staticflickr.com/3195/2518869479_a70de13f88_o.jpg
1993,
1994,https://live.staticflickr.com/7483/15823485002_92f5b20f6e_o.jpg
1995,
1996,https://live.staticflickr.com/1172/800746514_34344b5961_o.jpg
1997,https://live.staticflickr.com/5135/5397874080_2a5e9e1cd6_o.jpg
1998,
1999,
