0,
1,https://live.staticflickr.com/5613/15494779162_4b79a37f31_o.jpg
2,https://live.staticflickr.com/3123/2704908296_fc93b50580_o.jpg
3,https://live.staticflickr.com/48/145014265_fb6353562c_o.jpg
4,https://live.staticflickr.com/5041/5356594909_7950866022_o.jpg
5,
6,https://live.staticflickr.com/4379/36544266255_72e92ac49c_o.jpg
7,https://live.staticflickr.com/7721/17168545315_ddb72f46bf_o.jpg
8,
9,https://live.staticflickr.com/3191/2803004934_bab42b1690_o.jpg
10,https://live.staticflickr.com/3019/3087459221_64a24098fa_o.jpg
11,https://live.staticflickr.com/4378/36856160062_4ac19089e2_o.jpg
12,https://live.staticflickr.com/4557/38122812654_77bb4de343_o.jpg
13,
14,https://live.staticflickr.com/2872/33694022346_490164e28a_o.jpg
15,https://live.staticflickr.com/4181/33881256943_fd79e218f0_o.jpg
16,
17,https://live.staticflickr.com/311/19533453016_7975e09f56_o.jpg
18,
19,https://live.staticflickr.com/5283/5241229275_b78f02f543_o.jpg
20,https://live.staticflickr.com/8355/8353506131_90d95566bc_o.jpg
21,https://live.staticflickr.com/5083/5241235953_be1e4eaca2_o.jpg
22,https://live.staticflickr.com/2919/14226109195_aa34cd004a_o.jpg
23,https://live.staticflickr.com/762/22869377971_c71b87c14d_o.jpg
24,https://live.staticflickr.com/603/22586661329_3f18eec54a_o.jpg
25,https://live.staticflickr.com/7558/27306533233_40dfdffa61_o.jpg
26,
27,
28,https://live.staticflickr.com/3044/2685998133_5429f3988b_o.jpg
29,https://live.staticflickr.com/1534/24244072369_7dcdc24f1b_o.jpg
30,
31,
32,https://live.staticflickr.com/8536/8690292970_f797ef4d97_o.jpg
33,
34,
35,
36,https://live.staticflickr.com/4690/39322190262_89fd8815c2_o.jpg
37,https://live.staticflickr.com/3421/3251528307_99b7ac1038_o.jpg
38,https://live.staticflickr.com/3255/2379320153_99fc2721c6_o.jpg
39,https://live.staticflickr.com/287/19371630488_5774d8b476_o.jpg
40,https://live.staticflickr.com/303/19373060909_5b4e817cbe_o.jpg
41,
42,
43,https://live.staticflickr.com/8336/8361789739_9dccd6e889_o.jpg
44,https://live.staticflickr.com/1317/1092427288_4272319575_o.jpg
45,https://live.staticflickr.com/8467/8106359142_1596447dab_o.jpg
46,https://live.staticflickr.com/5620/21521824639_a6fdaea910_o.jpg
47,https://live.staticflickr.com/7543/15933948545_d248b17da5_o.jpg
48,https://live.staticflickr.com/8328/8106365200_eac97a2e84_o.jpg
49,
50,https://live.staticflickr.com/2049/2288614413_c20806a418_o.jpg
51,https://live.staticflickr.com/1345/1262147405_3d2db7acf6_o.jpg
52,
53,https://live.staticflickr.com/8139/28601443192_421a65e2c4_o.jpg
54,
55,
56,https://live.staticflickr.com/8476/8106347891_b4e456519e_o.jpg
57,
58,
59,https://live.staticflickr.com/8045/8099737411_92aeac04b5_o.jpg
60,https://live.staticflickr.com/6071/6066114051_3b0542e83f_o.jpg
61,https://live.staticflickr.com/3595/3623480398_2038812c25_o.jpg
62,
63,https://live.staticflickr.com/3921/14261395788_347db43b35_o.jpg
64,
65,https://live.staticflickr.com/4366/36878266795_7ea0b59725_o.jpg
66,https://live.staticflickr.com/1971/31585916918_20d058d57b_o.jpg
67,https://live.staticflickr.com/8333/8106347856_81f0e79290_o.jpg
68,
69,
70,
71,https://live.staticflickr.com/5222/5755793433_4637ff0af4_o.jpg
72,
73,https://live.staticflickr.com/3832/9375548802_c75261ffc4_o.jpg
74,https://live.staticflickr.com/3281/2356319130_9a5ec28285_o.jpg
75,https://live.staticflickr.com/1317/5110827747_a8b26272cb_o.jpg
76,https://live.staticflickr.com/2632/3704133667_5959577024_o.jpg
77,https://live.staticflickr.com/3835/14937073395_dc1ce3826e_o.jpg
78,https://live.staticflickr.com/1829/43017969775_cf9a68cf6a_o.jpg
79,https://live.staticflickr.com/5327/16579555083_4e3ba497da_o.jpg
80,https://live.staticflickr.com/2488/3978465624_a775d089b4_o.jpg
81,https://live.staticflickr.com/4059/4526632532_e6e53e6fc1_o.jpg
82,https://live.staticflickr.com/5463/17846219378_d6a9afac0b_o.jpg
83,https://live.staticflickr.com/6169/6196046766_e75e065bfb_o.jpg
84,https://live.staticflickr.com/554/19371641370_4c600e8800_o.jpg
85,https://live.staticflickr.com/3921/14793199996_ef7cfc209f_o.jpg
86,https://live.staticflickr.com/3637/3542322019_94f34e108c_o.jpg
87,https://live.staticflickr.com/3903/14629562788_aaaaa3138b_o.jpg
88,https://live.staticflickr.com/3882/15111574236_4359a3aba7_o.jpg
89,https://live.staticflickr.com/4078/4895768702_1348d416c8_o.jpg
90,https://live.staticflickr.com/5208/5277972470_48308ec98d_o.jpg
91,https://live.staticflickr.com/7154/6613920023_05d157f7b5_o.jpg
92,https://live.staticflickr.com/357/19552791472_3b1428cfcc_o.jpg
93,https://live.staticflickr.com/4003/4692779817_8a8e849e67_o.jpg
94,https://live.staticflickr.com/8381/8518535469_53c87ec211_o.jpg
95,https://live.staticflickr.com/7699/16981034770_33c62b5095_o.jpg
96,https://live.staticflickr.com/2437/3623487908_079e036d45_o.jpg
97,https://live.staticflickr.com/8452/7917470716_99a2b2ea27_o.jpg
98,https://live.staticflickr.com/3907/14629486440_de5cef71d3_o.jpg
99,https://live.staticflickr.com/8041/8033520509_d0222fff3b_o.jpg
100,https://live.staticflickr.com/3338/3623482848_a06bece1c0_o.jpg
101,https://live.staticflickr.com/8112/8530989981_c3770cb69d_o.jpg
102,
103,https://live.staticflickr.com/8106/28610942944_8639ecf3a7_o.jpg
104,https://live.staticflickr.com/4039/4680035331_bb5a01513b_o.jpg
105,https://live.staticflickr.com/3139/2966266760_7efe7fd63d_o.jpg
106,https://live.staticflickr.com/2908/14216538214_46d08af69d_o.jpg
107,https://live.staticflickr.com/3908/14838608596_0a729a9f55_o.jpg
108,
109,https://live.staticflickr.com/5521/14236752823_9a7a559534_o.jpg
110,https://live.staticflickr.com/8/12709452_727baf40da_o.jpg
111,
112,https://live.staticflickr.com/2774/4538953021_db230c21dc_o.jpg
113,https://live.staticflickr.com/1198/5126556650_2404a29264_o.jpg
114,https://live.staticflickr.com/2324/2248522707_e4b9648d1d_o.jpg
115,https://live.staticflickr.com/4619/39663033612_0dcc287acc_o.jpg
116,https://live.staticflickr.com/1080/1262989434_b99e629cba_o.jpg
117,https://live.staticflickr.com/8324/8396833910_fc3bd41753_o.jpg
118,https://live.staticflickr.com/7272/7724449068_1846bd9e26_o.jpg
119,https://live.staticflickr.com/7068/6904595870_057d971452_o.jpg
120,https://live.staticflickr.com/3743/11112753543_703c3988f1_o.jpg
121,https://live.staticflickr.com/8468/8106348923_61a2d2aacd_o.jpg
122,
123,https://live.staticflickr.com/3285/3091819070_ba339f1e88_o.jpg
124,https://live.staticflickr.com/2163/5752285141_afc2c0b692_o.jpg
125,
126,https://live.staticflickr.com/414/19249647993_ae2c8ea1ab_o.jpg
127,https://live.staticflickr.com/474/19559578615_0260719125_o.jpg
128,https://live.staticflickr.com/4107/5078750388_474c731832_o.jpg
129,
130,https://live.staticflickr.com/2437/3622666359_d7b4caa6b6_o.jpg
131,https://live.staticflickr.com/2382/2196868035_eb1f0d3455_o.jpg
132,
133,https://live.staticflickr.com/4050/4279222806_b5f63313f0_o.jpg
134,https://live.staticflickr.com/517/19371628638_845f0d0ea6_o.jpg
135,https://live.staticflickr.com/4119/4766701474_bddc02c66b_o.jpg
136,https://live.staticflickr.com/5254/5468660317_63c0d82282_o.jpg
137,https://live.staticflickr.com/3730/13564932365_3a6fe4934b_o.jpg
138,https://live.staticflickr.com/6050/6361161565_0b57832a4f_o.jpg
139,
140,https://live.staticflickr.com/3324/3623478214_a4cb18b929_o.jpg
141,https://live.staticflickr.com/1870/44566708721_f515c3d463_o.jpg
142,https://live.staticflickr.com/3919/14914081436_020cb0c4e4_o.jpg
143,https://live.staticflickr.com/443/19705868246_208be4b52a_o.jpg
144,https://live.staticflickr.com/3928/33804351546_dcf26a48f6_o.jpg
145,https://live.staticflickr.com/7101/7060493953_93c008c062_o.jpg
146,https://live.staticflickr.com/8661/16615628515_3354f242e9_o.jpg
147,https://live.staticflickr.com/7119/6863782770_ccfea36c00_o.jpg
148,https://live.staticflickr.com/79/224054130_cc8d4d85a4_o.jpg
149,https://live.staticflickr.com/2950/15447930072_1aba8e61d8_o.jpg
150,https://live.staticflickr.com/3894/14933993491_860da78630_o.jpg
151,https://live.staticflickr.com/4231/34528258264_16f24ab69b_o.jpg
152,https://live.staticflickr.com/4132/5195108248_d49777a6ca_o.jpg
153,https://live.staticflickr.com/6136/5990503947_bd409e3c13_o.jpg
154,https://live.staticflickr.com/4428/36112097370_fc606753cc_o.jpg
155,https://live.staticflickr.com/3213/2840017467_75f740d89c_o.jpg
156,https://live.staticflickr.com/7013/6411184897_097cae0a6d_o.jpg
157,https://live.staticflickr.com/1089/5110837309_005b9a40a1_o.jpg
158,https://live.staticflickr.com/4211/34528254834_710f3f0a16_o.jpg
159,
160,https://live.staticflickr.com/8183/8106326354_32bc3d632a_o.jpg
161,https://live.staticflickr.com/3887/14879220442_a9201e7a7c_o.jpg
162,https://live.staticflickr.com/344/19545434389_e1c3c00882_o.jpg
163,https://live.staticflickr.com/6146/5956131073_9e38a63efc_o.jpg
164,https://live.staticflickr.com/3227/3011276408_d5477ffe7a_o.jpg
165,https://live.staticflickr.com/3289/3110241999_394c81bc64_o.jpg
166,https://live.staticflickr.com/5335/9426712176_4a79d96a47_o.jpg
167,https://live.staticflickr.com/1383/5111433400_344a01fc7a_o.jpg
168,
169,https://live.staticflickr.com/1422/4728221988_2d0c3f1a01_o.jpg
170,https://live.staticflickr.com/2598/3849437505_5018eafc30_o.jpg
171,https://live.staticflickr.com/4156/34670529635_64239bd3c4_o.jpg
172,
173,
174,
175,
176,https://live.staticflickr.com/6055/6268667414_81a666676c_o.jpg
177,https://live.staticflickr.com/2824/33799039512_922e374ff4_o.jpg
178,https://live.staticflickr.com/7171/6852576607_561eecbd6b_o.jpg
179,https://live.staticflickr.com/3605/3622673345_25b578b2f7_o.jpg
180,https://live.staticflickr.com/8194/8106311707_ff5a9f2eb1_o.jpg
181,https://live.staticflickr.com/2912/14473765545_33c7fe042a_o.jpg
182,https://live.staticflickr.com/8517/29669944566_0241fc36b0_o.jpg
183,https://live.staticflickr.com/8546/29110234361_3037e98539_o.jpg
184,
185,https://live.staticflickr.com/7138/7066043261_4f851ae17a_o.jpg
186,https://live.staticflickr.com/5255/5518062177_3ae96e40e9_o.jpg
187,https://live.staticflickr.com/2751/5809674027_4543da0599_o.jpg
188,https://live.staticflickr.com/1054/814010338_a8ac7565e5_o.jpg
189,https://live.staticflickr.com/176/418212939_3fbe5624d1_o.jpg
190,https://live.staticflickr.com/8821/17175435849_1681b26126_o.jpg
191,https://live.staticflickr.com/2615/4116245520_fed1297413_o.jpg
192,https://live.staticflickr.com/1093/788579420_b922ef8bf2_o.jpg
193,https://live.staticflickr.com/1012/571602220_ab1f5c5986_o.jpg
194,https://live.staticflickr.com/8346/8220015055_814e9f6fa0_o.jpg
195,https://live.staticflickr.com/2869/11544245305_34dc5a6e0d_o.png
196,
197,https://live.staticflickr.com/5597/15448273835_edf470c754_o.jpg
198,https://live.staticflickr.com/2132/2336847086_92905488ed_o.jpg
199,https://live.staticflickr.com/4093/4878818096_970f847929_o.jpg
200,
201,
202,https://live.staticflickr.com/8332/8372411479_9851fb2b2d_o.jpg
203,
204,https://live.staticflickr.com/7343/9450740571_6095ddd255_o.jpg
205,https://live.staticflickr.com/2110/2353254860_fa2877f230_o.jpg
206,https://live.staticflickr.com/3857/14816199425_5aa877b87a_o.jpg
207,https://live.staticflickr.com/7268/7485533568_7ed073bbd2_o.jpg
208,https://live.staticflickr.com/214/459482942_f15969946e_o.jpg
209,
210,
211,https://live.staticflickr.com/1197/5111442876_1160ac8087_o.jpg
212,https://live.staticflickr.com/3615/3623494780_74c92c45fa_o.jpg
213,
214,https://live.staticflickr.com/1338/814010290_30df433aa4_o.jpg
215,https://live.staticflickr.com/8387/8652709768_2313a09c9a_o.jpg
216,
217,https://live.staticflickr.com/5585/14506995017_1c82c5b425_o.jpg
218,https://live.staticflickr.com/7234/7182799940_379dab4d00_o.jpg
219,https://live.staticflickr.com/2771/4403302512_ba5184d7ea_o.jpg
220,
221,https://live.staticflickr.com/1175/1262959890_015f68b217_o.jpg
222,https://live.staticflickr.com/8176/8033523312_b69cac403b_o.jpg
223,https://live.staticflickr.com/6067/6122734308_c2a000d0a7_o.jpg
224,https://live.staticflickr.com/8186/8106349441_963dbf1944_o.jpg
225,https://live.staticflickr.com/1647/25136766155_a3d8bab21b_o.jpg
226,https://live.staticflickr.com/8047/8354562198_4c0cd096b2_o.jpg
227,https://live.staticflickr.com/6175/6196045812_ed2e1102ed_o.jpg
228,
229,https://live.staticflickr.com/4026/5125950297_b4c94cb4c7_o.jpg
230,https://live.staticflickr.com/4152/4983961213_226132a63b_o.jpg
231,
232,
233,https://live.staticflickr.com/3325/4624728212_6c0678db08_o.jpg
234,https://live.staticflickr.com/8336/8106329010_e0fe3f4c22_o.jpg
235,https://live.staticflickr.com/4091/4983959587_e455ccf26a_o.jpg
236,
237,
238,
239,
240,https://live.staticflickr.com/4673/39007170054_7dd8becd51_o.jpg
241,https://live.staticflickr.com/3164/2335630524_92a74af1e4_o.jpg
242,https://live.staticflickr.com/5330/7066044827_1380a4b8e6_o.jpg
243,https://live.staticflickr.com/4010/4248187545_6c9ae6402f_o.jpg
244,
245,https://live.staticflickr.com/4504/23988373768_08dd9bc994_o.jpg
246,https://live.staticflickr.com/7587/16558434529_51bf6ab636_o.jpg
247,https://live.staticflickr.com/2846/13518964054_a779dfe3c8_o.jpg
248,https://live.staticflickr.com/8660/16011674348_e408d7647c_o.jpg
249,
250,
251,https://live.staticflickr.com/7371/8726076556_c0a7edcafa_o.jpg
252,
253,
254,
255,
256,https://live.staticflickr.com/4058/5125954141_4a027a3e38_o.jpg
257,https://live.staticflickr.com/3296/5840169559_1da2f0277b_o.jpg
258,
259,https://live.staticflickr.com/8563/16305910457_8a7c76c772_o.jpg
260,https://live.staticflickr.com/8387/8578655978_2d1d4db5fd_o.jpg
261,
262,https://live.staticflickr.com/4110/4955332729_bb880270b3_o.jpg
263,
264,https://live.staticflickr.com/6105/6233047056_76102f7810_o.jpg
265,https://live.staticflickr.com/4002/4678101449_c92619fc5f_o.jpg
266,https://live.staticflickr.com/2932/14679274395_3bdd08a824_o.jpg
267,https://live.staticflickr.com/6029/5937092942_1f56860d4a_o.jpg
268,https://live.staticflickr.com/4121/4806662205_b206d479ef_o.jpg
269,https://live.staticflickr.com/8103/8577548575_ae376cbc69_o.jpg
270,https://live.staticflickr.com/3019/2692755132_8c68646b1a_o.jpg
271,https://live.staticflickr.com/7244/7246362804_eccca044c0_o.jpg
272,https://live.staticflickr.com/8332/8106350147_29d67dd708_o.jpg
273,https://live.staticflickr.com/5060/5585238998_c31131af7f_o.jpg
274,
275,https://live.staticflickr.com/7281/16122196944_659fa9a8d8_o.jpg
276,https://live.staticflickr.com/3099/2664881514_72182fe093_o.jpg
277,https://live.staticflickr.com/5350/17244755850_cd7c71d4de_o.jpg
278,
279,https://live.staticflickr.com/2482/3622677635_633e5898c4_o.jpg
280,
281,https://live.staticflickr.com/7145/6742780797_c3ce80b0b3_o.jpg
282,https://live.staticflickr.com/5066/5623969426_c097aaa0d9_o.jpg
283,https://live.staticflickr.com/176/486729458_1d9d5bf17a_o.jpg
284,https://live.staticflickr.com/3911/14415276226_94fe5defab_o.jpg
285,
286,https://live.staticflickr.com/8008/7525221872_a2831f5212_o.jpg
287,https://live.staticflickr.com/3214/2310582129_f3e0c9383f_o.jpg
288,https://live.staticflickr.com/7222/7371388560_c43bd3cd0a_o.jpg
289,https://live.staticflickr.com/3690/9125623549_a3f3787895_o.jpg
290,https://live.staticflickr.com/3745/9676265534_b8af49cd8a_o.jpg
291,https://live.staticflickr.com/8542/8652713670_c69328ed22_o.jpg
292,https://live.staticflickr.com/3174/3018819142_221b3940db_o.jpg
293,https://live.staticflickr.com/2929/14670167744_113782fff6_o.jpg
294,
295,
296,https://live.staticflickr.com/4092/5061210559_3b20af7d69_o.jpg
297,https://live.staticflickr.com/1611/25379472681_be57e09c04_o.jpg
298,https://live.staticflickr.com/6193/6066659584_1b4b21e71a_o.jpg
299,https://live.staticflickr.com/3374/5763189530_e176ab7cc5_o.jpg
300,
301,https://live.staticflickr.com/3574/3432668799_3f0faac5ac_o.jpg
302,
303,
304,https://live.staticflickr.com/2846/33545946842_3d2930bdf5_o.jpg
305,
306,https://live.staticflickr.com/3899/15134575885_7d5fabc086_o.jpg
307,
308,https://live.staticflickr.com/3071/2755332089_b6de6785db_o.jpg
309,
310,https://live.staticflickr.com/75/191951063_b33caeb156_o.jpg
311,
312,https://live.staticflickr.com/2521/3789632116_ee6de188fc_o.jpg
313,
314,https://live.staticflickr.com/3019/2500711075_925a24b227_o.jpg
315,https://live.staticflickr.com/2632/3974554556_a6f7a345af_o.jpg
316,https://live.staticflickr.com/7538/29538810275_bc1ff740f2_o.jpg
317,https://live.staticflickr.com/3084/2382072894_3b92c76ef4_o.jpg
318,https://live.staticflickr.com/5335/30652503631_03dde70369_o.jpg
319,https://live.staticflickr.com/3020/2773277686_5b1e58bb23_o.jpg
320,
321,https://live.staticflickr.com/5135/5446134718_6b5c565b51_o.jpg
322,https://live.staticflickr.com/3569/3295215072_cc79827902_o.jpg
323,https://live.staticflickr.com/3495/3811457017_51e760b26c_o.jpg
324,
325,https://live.staticflickr.com/2950/15226369828_a89c004115_o.jpg
326,https://live.staticflickr.com/3874/14750463238_861337941d_o.jpg
327,https://live.staticflickr.com/3800/10288374256_0f7769b239_o.jpg
328,
329,https://live.staticflickr.com/1170/5111432660_6c5f4a3c7a_o.jpg
330,
331,
332,https://live.staticflickr.com/1187/860353103_dc09e40eb2_o.jpg
333,https://live.staticflickr.com/2600/3739463025_1d1b9ca217_o.jpg
334,https://live.staticflickr.com/2837/33480097630_ff48066e80_o.jpg
335,https://live.staticflickr.com/3641/3307604480_d073cf7c2f_o.jpg
336,https://live.staticflickr.com/97/229398908_71cbef1d69_o.jpg
337,https://live.staticflickr.com/7780/16741384203_9a207a1bc7_o.jpg
338,https://live.staticflickr.com/2489/3741137898_36fb7a05c0_o.jpg
339,https://live.staticflickr.com/81/258810414_951550c83b_o.jpg
340,
341,https://live.staticflickr.com/3479/3307594222_9ce6ef4f40_o.jpg
342,https://live.staticflickr.com/4302/35931556561_8d3cfb64b0_o.jpg
343,
344,
345,https://live.staticflickr.com/4099/4827425760_19bfa57c70_o.jpg
346,https://live.staticflickr.com/4769/40573663411_ac3335669d_o.jpg
347,https://live.staticflickr.com/4154/4983957565_ee3ac023b4_o.jpg
348,https://live.staticflickr.com/7302/9563634620_60c12e4029_o.jpg
349,https://live.staticflickr.com/7169/6439975073_3357426b48_o.jpg
350,https://live.staticflickr.com/3418/4000993966_dfe088b530_o.jpg
351,https://live.staticflickr.com/4074/4867437184_3cb3c86499_o.jpg
352,https://live.staticflickr.com/2606/4004559559_33932fd28a_o.jpg
353,
354,https://live.staticflickr.com/98/223578012_5a2e358aa9_o.jpg
355,https://live.staticflickr.com/5601/15473456552_6273cde28b_o.jpg
356,https://live.staticflickr.com/3618/3350369194_a64a9293c9_o.jpg
357,
358,https://live.staticflickr.com/7246/7507509462_2a56ab23f7_o.jpg
359,
360,https://live.staticflickr.com/3846/15294690455_eea5780c97_o.jpg
361,https://live.staticflickr.com/22/30568407_e45d5b34ef_o.jpg
362,https://live.staticflickr.com/3478/3737645131_4186c23598_o.jpg
363,https://live.staticflickr.com/100/295702154_f7ae17373c_o.jpg
364,
365,https://live.staticflickr.com/8336/8396828410_b63e1d5437_o.jpg
366,
367,https://live.staticflickr.com/8165/7415475966_efceab9bea_o.jpg
368,
369,https://live.staticflickr.com/6005/5991930038_03400bd731_o.jpg
370,https://live.staticflickr.com/205/494273539_74f302a8a4_o.jpg
371,https://live.staticflickr.com/6122/5991062054_04d96daacb_o.jpg
372,
373,https://live.staticflickr.com/5066/5669992736_5ccd037ea0_o.jpg
374,https://live.staticflickr.com/8324/8392400906_8ae08af00d_o.jpg
375,
376,https://live.staticflickr.com/3313/3642378614_49e035abdd_o.jpg
377,https://live.staticflickr.com/88/258812659_ffc0de33d5_o.jpg
378,https://live.staticflickr.com/3252/2929582020_b443b20681_o.jpg
379,https://live.staticflickr.com/8495/8336079088_5742310d6c_o.jpg
380,
381,https://live.staticflickr.com/7360/9673040885_b68c4a2e3d_o.jpg
382,https://live.staticflickr.com/4612/25947691728_8834d5098e_o.jpg
383,
384,https://live.staticflickr.com/3295/2599076268_d62a7e7977_o.jpg
385,https://live.staticflickr.com/5236/7218375158_593a48c491_o.jpg
386,
387,https://live.staticflickr.com/7464/15453776203_0d15e0e715_o.jpg
388,https://live.staticflickr.com/6145/5944667147_4d7a7bcb04_o.jpg
389,https://live.staticflickr.com/48/110635628_51724cdbd8_o.jpg
390,https://live.staticflickr.com/5586/14629666137_5e503717f9_o.jpg
391,https://live.staticflickr.com/2870/12903746943_ed95e226c9_o.jpg
392,https://live.staticflickr.com/4153/5071922967_b352fef0d7_o.jpg
393,https://live.staticflickr.com/3278/2932403777_58e65f11a1_o.jpg
394,https://live.staticflickr.com/6131/5978514440_4e07c4d2a5_o.jpg
395,https://live.staticflickr.com/4075/4825997878_73f515a138_o.jpg
396,https://live.staticflickr.com/2875/10580446693_179faa38a6_o.jpg
397,https://live.staticflickr.com/8093/8546523605_75e2f87acb_o.jpg
398,https://live.staticflickr.com/8529/8564422181_e459806b1f_o.jpg
399,https://live.staticflickr.com/3902/15211948951_1e88384c6f_o.jpg
400,https://live.staticflickr.com/2423/4001401762_28e831aaaa_o.jpg
401,
402,https://live.staticflickr.com/3660/3623490124_8ce5b6a005_o.jpg
403,https://live.staticflickr.com/6156/6134765506_e306ed67ff_o.jpg
404,https://live.staticflickr.com/4101/4868437261_3d04de79cb_o.jpg
405,https://live.staticflickr.com/7475/15781677896_6ee5143a5a_o.jpg
406,https://live.staticflickr.com/8161/7546000338_f6e29094d7_o.jpg
407,https://live.staticflickr.com/5071/5908480424_4f25131a8d_o.jpg
408,
409,https://live.staticflickr.com/6126/5935183388_d927a71169_o.jpg
410,https://live.staticflickr.com/2230/2155538438_fb7d34cdbd_o.jpg
411,https://live.staticflickr.com/7383/13918059448_83fcccebb7_o.jpg
412,https://live.staticflickr.com/3836/33700556332_54c0f876d9_o.jpg
413,https://live.staticflickr.com/4406/36835038300_c64a525b9d_o.jpg
414,https://live.staticflickr.com/3125/3251472325_f2ff6e100c_o.jpg
415,
416,https://live.staticflickr.com/8622/16536500992_6f89a6589f_o.jpg
417,https://live.staticflickr.com/7364/16351297969_05b51fb30f_o.jpg
418,https://live.staticflickr.com/5122/5316231794_0592485054_o.jpg
419,
420,https://live.staticflickr.com/4044/4575095829_e6c935638c_o.jpg
421,https://live.staticflickr.com/1132/5111429838_8fc7ac9e2b_o.jpg
422,https://live.staticflickr.com/6073/6068500238_0761f07f49_o.jpg
423,https://live.staticflickr.com/2482/5752828982_2a5c2a11fc_o.jpg
424,https://live.staticflickr.com/3359/3259431748_b13d91a8cd_o.jpg
425,https://live.staticflickr.com/3650/3469675897_0b7777e80e_o.jpg
426,https://live.staticflickr.com/4199/34561339303_97657b2f00_o.jpg
427,
428,
429,https://live.staticflickr.com/2368/5791165016_7c8645d29b_o.jpg
430,https://live.staticflickr.com/3018/2656671058_1f6124389d_o.jpg
431,
432,https://live.staticflickr.com/324/32782181081_846042b1fe_o.jpg
433,https://live.staticflickr.com/1418/600262955_c3a492a185_o.jpg
434,https://live.staticflickr.com/6148/6015660597_1c88b6fe1f_o.jpg
435,https://live.staticflickr.com/8250/8577548377_e4bb7e953e_o.jpg
436,
437,https://live.staticflickr.com/5183/5693135866_cef493fbda_o.jpg
438,https://live.staticflickr.com/8267/29188394085_33885b6440_o.jpg
439,https://live.staticflickr.com/4628/25512131837_66ef802fcc_o.jpg
440,https://live.staticflickr.com/2380/2311394120_0416bfc7ec_o.jpg
441,
442,https://live.staticflickr.com/3854/14933993371_96ba0a713b_o.jpg
443,
444,https://live.staticflickr.com/3397/3516000613_32c3a8e28c_o.jpg
445,https://live.staticflickr.com/4087/5110832763_ceaa059b16_o.jpg
446,
447,https://live.staticflickr.com/4559/37650164695_140857680b_o.jpg
448,https://live.staticflickr.com/5061/5680841889_e28c4ccfdc_o.jpg
449,https://live.staticflickr.com/3122/2398013288_fdf21f1982_o.jpg
450,https://live.staticflickr.com/3219/3008084304_223de4d56c_o.jpg
451,https://live.staticflickr.com/3442/3389772892_5542584189_o.jpg
452,https://live.staticflickr.com/3263/2909492981_b4c708686d_o.jpg
453,https://live.staticflickr.com/1199/5111439540_a5dbd2773e_o.jpg
454,
455,https://live.staticflickr.com/6145/5936534005_fa5cacff07_o.jpg
456,https://live.staticflickr.com/8316/8008941115_4f0e3c1418_o.jpg
457,
458,https://live.staticflickr.com/149/388668930_ed2c04ff9b_o.jpg
459,https://live.staticflickr.com/5263/5621152472_cdf33e1c25_o.jpg
460,https://live.staticflickr.com/7005/6574223231_0ab0282ca9_o.jpg
461,https://live.staticflickr.com/3673/9673035805_b5f7d24a82_o.jpg
462,https://live.staticflickr.com/5651/30740654745_4e7b4fddce_o.jpg
463,https://live.staticflickr.com/2768/4044083770_150b982485_o.jpg
464,https://live.staticflickr.com/7281/8724960841_ce6e2d220a_o.jpg
465,https://live.staticflickr.com/6017/5990505759_6c746c1654_o.jpg
466,https://live.staticflickr.com/4052/4652111103_89fb6cd6c7_o.jpg
467,https://live.staticflickr.com/3876/15269096306_ac432b61b7_o.jpg
468,
469,https://live.staticflickr.com/2309/1600160237_b8ad22ac43_o.jpg
470,https://live.staticflickr.com/5441/7066046087_a4c1ca882f_o.jpg
471,https://live.staticflickr.com/2795/4396165545_2fba317cdc_o.jpg
472,
473,https://live.staticflickr.com/5211/5402187420_034b60da89_o.jpg
474,https://live.staticflickr.com/2537/3683925046_d0a08f6904_o.jpg
475,
476,https://live.staticflickr.com/5202/5234355277_4296de4f6a_o.jpg
477,
478,
479,
480,
481,https://live.staticflickr.com/4100/4869319842_ac457e01b5_o.jpg
482,https://live.staticflickr.com/5741/30871381632_6658b780f2_o.jpg
483,https://live.staticflickr.com/4095/4869314906_f62fbd50d4_o.jpg
484,https://live.staticflickr.com/5334/7427391594_7ce68019b3_o.jpg
485,https://live.staticflickr.com/8230/8583682535_994568a59b_o.jpg
486,https://live.staticflickr.com/2455/3575530533_50b55cc6cc_o.jpg
487,https://live.staticflickr.com/296/32142566022_347cb1e1dd_o.jpg
488,https://live.staticflickr.com/6128/5991930168_971cfe67dd_o.jpg
489,
490,
491,https://live.staticflickr.com/5029/5650695123_21f35a1d2d_o.jpg
492,https://live.staticflickr.com/743/22977080876_c076da8bed_o.jpg
493,
494,https://live.staticflickr.com/2562/3854499378_ee27720f8f_o.jpg
495,https://live.staticflickr.com/4102/4918541632_dc29471112_o.jpg
496,https://live.staticflickr.com/3791/9676269752_5773989319_o.jpg
497,https://live.staticflickr.com/6008/5979179295_dc0349283b_o.jpg
498,
499,https://live.staticflickr.com/8094/8451917517_dc6d94bed7_o.jpg
500,https://live.staticflickr.com/7216/7172434717_4cd2f891dc_o.jpg
501,
502,https://live.staticflickr.com/3015/2670638172_e05570b0cc_o.jpg
503,
504,https://live.staticflickr.com/1391/5111744625_8d3210055d_o.jpg
505,https://live.staticflickr.com/2438/3962914556_032c2bc209_o.jpg
506,https://live.staticflickr.com/3590/3627462093_92aa63ebbc_o.jpg
507,https://live.staticflickr.com/3011/2843738804_4b5647ab94_o.jpg
508,https://live.staticflickr.com/6227/6266676194_a91564d7ab_o.jpg
509,
510,https://live.staticflickr.com/8728/28079570450_8b5d3cdd1d_o.jpg
511,https://live.staticflickr.com/4119/4817035116_4c2867eaf6_o.jpg
512,
513,https://live.staticflickr.com/2566/3836011323_6230f501ae_o.jpg
514,https://live.staticflickr.com/6131/5936535323_16682a9aec_o.jpg
515,https://live.staticflickr.com/2711/4402536429_ec12cf4915_o.jpg
516,https://live.staticflickr.com/3613/3463521754_ce7710c586_o.jpg
517,https://live.staticflickr.com/6195/6138113229_07e7420dd3_o.jpg
518,
519,https://live.staticflickr.com/5567/14871262883_7f410993ab_o.jpg
520,https://live.staticflickr.com/5232/5915232870_76453eb6d0_o.jpg
521,https://live.staticflickr.com/3285/2668253677_6f77cf1ce5_o.jpg
522,https://live.staticflickr.com/3569/3475280424_70e89dfb82_o.jpg
523,https://live.staticflickr.com/5643/23121874855_767138e726_o.jpg
524,https://live.staticflickr.com/6028/5991061596_a2b47ce848_o.jpg
525,https://live.staticflickr.com/157/368040172_6a274f4788_o.jpg
526,https://live.staticflickr.com/7040/7054461027_fa64a3c25d_o.jpg
527,
528,https://live.staticflickr.com/8816/17361292091_9539392dc6_o.jpg
529,https://live.staticflickr.com/2781/32106112693_648912c0d8_o.jpg
530,
531,https://live.staticflickr.com/4094/4895520945_2ffd7bb0ac_o.jpg
532,https://live.staticflickr.com/627/31121825834_e67050c6dd_o.jpg
533,https://live.staticflickr.com/1404/5110829725_0c9603b6d0_o.jpg
534,
535,
536,https://live.staticflickr.com/3692/9153194763_d084c60261_o.jpg
537,https://live.staticflickr.com/2664/4210856585_04698a0921_o.jpg
538,
539,
540,
541,
542,https://live.staticflickr.com/8051/8082613758_cc6fc43444_o.jpg
543,https://live.staticflickr.com/77/254499925_957e00502e_o.jpg
544,https://live.staticflickr.com/3566/3607924542_a282148001_o.jpg
545,
546,
547,https://live.staticflickr.com/4036/4572308148_a0cf0d7872_o.jpg
548,
549,https://live.staticflickr.com/2368/2365832342_8147e2b1c7_o.jpg
550,https://live.staticflickr.com/5638/31220854116_e04f96ba63_o.jpg
551,https://live.staticflickr.com/1154/896651507_0f69254859_o.jpg
552,https://live.staticflickr.com/7457/8726075336_8daf369553_o.jpg
553,https://live.staticflickr.com/8137/8702177061_b8a0157b2d_o.jpg
554,https://live.staticflickr.com/3625/3350369178_c4e09a5461_o.jpg
555,
556,https://live.staticflickr.com/5530/30158038711_b11aedd21b_o.jpg
557,https://live.staticflickr.com/453/31635553454_8885a4e1d1_o.jpg
558,https://live.staticflickr.com/3349/3515993471_19355376d9_o.jpg
559,
560,https://live.staticflickr.com/3029/5868581498_d2ed8b4fc2_o.jpg
561,https://live.staticflickr.com/7262/7723170210_c52dd63022_o.jpg
562,https://live.staticflickr.com/6090/6089319388_7e291d8744_o.jpg
563,https://live.staticflickr.com/2656/4151218096_ca940032a2_o.jpg
564,https://live.staticflickr.com/2551/4000993606_ac53d3093b_o.jpg
565,https://live.staticflickr.com/2892/10288511723_2ca11f5ef6_o.jpg
566,https://live.staticflickr.com/3130/3163021543_95f37d8ba9_o.jpg
567,https://live.staticflickr.com/1054/5155330320_781c6c521a_o.jpg
568,https://live.staticflickr.com/5030/5615302165_3af5f3e63e_o.jpg
569,https://live.staticflickr.com/4123/4767230990_dbcaaf597f_o.jpg
570,
571,
572,
573,https://live.staticflickr.com/4036/4678742630_7ea1fce370_o.jpg
574,
575,https://live.staticflickr.com/22/28709891_4d3953caec_o.jpg
576,https://live.staticflickr.com/4015/4537055002_7d22891426_o.jpg
577,https://live.staticflickr.com/7115/7702114684_e6591a156c_o.jpg
578,https://live.staticflickr.com/7540/15528100004_684b6c8a2e_o.jpg
579,
580,
581,https://live.staticflickr.com/5492/30740656005_4fd2632d6a_o.jpg
582,https://live.staticflickr.com/4104/5105685816_cde88bf99a_o.jpg
583,https://live.staticflickr.com/6124/5944000637_aa439a1249_o.jpg
584,https://live.staticflickr.com/780/31577995140_032ccd65e8_o.jpg
585,https://live.staticflickr.com/7184/6776345120_d72d56e727_o.jpg
586,
587,https://live.staticflickr.com/7603/16855829270_f8e880fcb0_o.jpg
588,
589,https://live.staticflickr.com/8450/7883929046_ffb6de8845_o.jpg
590,
591,
592,https://live.staticflickr.com/3080/5790606921_f97ca717a1_o.jpg
593,
594,https://live.staticflickr.com/4101/4791910577_2e1ab8d3a3_o.jpg
595,https://live.staticflickr.com/4074/4791924927_4e22d264d7_o.jpg
596,https://live.staticflickr.com/271/20029501395_c2013166d7_o.jpg
597,
598,https://live.staticflickr.com/98/258814725_2ef5dcf787_o.jpg
599,
600,https://live.staticflickr.com/6135/5977956177_6aeb6b3b07_o.jpg
601,https://live.staticflickr.com/6151/6192701527_559f027b4c_o.jpg
602,
603,https://live.staticflickr.com/4110/5044908035_ba1d50faba_o.jpg
604,https://live.staticflickr.com/2421/3845496622_fd0f359dbc_o.jpg
605,https://live.staticflickr.com/196/535675467_6167e6d9c0_o.jpg
606,
607,https://live.staticflickr.com/3938/15556433385_6040f57230_o.jpg
608,https://live.staticflickr.com/8282/7604398362_540cd1245b_o.jpg
609,
610,
611,
612,https://live.staticflickr.com/1084/1269618416_19880f2d75_o.jpg
613,https://live.staticflickr.com/3463/3258600013_9bb97d03a5_o.jpg
614,https://live.staticflickr.com/162/382928936_57fe474b17_o.jpg
615,https://live.staticflickr.com/3425/3388963995_4b58514a53_o.jpg
616,https://live.staticflickr.com/4353/36789055071_1568e1d0dd_o.jpg
617,
618,https://live.staticflickr.com/4113/5110843841_d99ccc0e43_o.jpg
619,https://live.staticflickr.com/2254/1968800972_087d4b8fae_o.jpg
620,https://live.staticflickr.com/3560/3389774090_ebffe01a47_o.jpg
621,https://live.staticflickr.com/7414/12840957533_da3e6eed1c_o.jpg
622,https://live.staticflickr.com/5177/5520474290_c734aa1116_o.jpg
623,
624,https://live.staticflickr.com/6056/5908480704_89f11e947b_o.jpg
625,https://live.staticflickr.com/5596/15105577237_7c032d45b0_o.jpg
626,
627,
628,https://live.staticflickr.com/5560/15105575417_599c221fbe_o.jpg
629,
630,https://live.staticflickr.com/4130/4975245057_3d68969b60_o.jpg
631,https://live.staticflickr.com/3074/2595048397_3b89cd524a_o.jpg
632,https://live.staticflickr.com/4655/39713116412_fe8d608e7a_o.jpg
633,
634,https://live.staticflickr.com/3386/3286815066_18952c395a_o.jpg
635,https://live.staticflickr.com/7099/7354477912_f0a69e477f_o.jpg
636,https://live.staticflickr.com/2573/3683114429_d0d17ec44f_o.jpg
637,
638,https://live.staticflickr.com/2804/5851101545_8584f1f363_o.jpg
639,https://live.staticflickr.com/1439/1262976444_90285b7444_o.jpg
640,https://live.staticflickr.com/6050/5908481096_0a8fc3741d_o.jpg
641,https://live.staticflickr.com/8023/7442462474_d6edf8647a_o.jpg
642,
643,
644,https://live.staticflickr.com/7397/16349908498_4309af2bdf_o.jpg
645,
646,https://live.staticflickr.com/5206/5316105737_cf310873de_o.jpg
647,https://live.staticflickr.com/7508/15775898975_d3cca58c86_o.jpg
648,https://live.staticflickr.com/3203/2382061646_e498d72e5f_o.jpg
649,
650,https://live.staticflickr.com/7393/8726075954_527d3cf4f2_o.jpg
651,https://live.staticflickr.com/6069/6155946289_164102471d_o.jpg
652,https://live.staticflickr.com/3496/3946337055_072b2b670b_o.jpg
653,https://live.staticflickr.com/2523/4159539569_613d58925f_o.jpg
654,https://live.staticflickr.com/4073/4766700482_f3b5922b9b_o.jpg
655,https://live.staticflickr.com/7185/7136797813_dc57a05a71_o.jpg
656,
657,https://live.staticflickr.com/8176/8062286384_01d7eec9e3_o.jpg
658,https://live.staticflickr.com/4142/4816416059_6ab54cd00b_o.jpg
659,https://live.staticflickr.com/2010/1968863786_eb2c3f0b36_o.jpg
660,
661,
662,https://live.staticflickr.com/7365/9950182786_6c8269f46d_o.jpg
663,
664,https://live.staticflickr.com/3180/2688451897_9207e23048_o.jpg
665,https://live.staticflickr.com/6187/6036358098_d3d0dcb0f6_o.jpg
666,https://live.staticflickr.com/4038/4473095903_6e6d25515e_o.jpg
667,
668,
669,https://live.staticflickr.com/3192/2642817960_63258fc511_o.jpg
670,https://live.staticflickr.com/5541/9090589417_9e3fd4eced_o.jpg
671,https://live.staticflickr.com/7012/6634253559_629190713e_o.jpg
672,https://live.staticflickr.com/6043/6212592678_2d4c563f7a_o.jpg
673,
674,https://live.staticflickr.com/3120/2311391292_0250276f27_o.jpg
675,https://live.staticflickr.com/7047/8691025848_949545d27e_o.jpg
676,https://live.staticflickr.com/7525/16147320652_9e8044680d_o.jpg
677,https://live.staticflickr.com/4405/36345767391_bde332318b_o.jpg
678,https://live.staticflickr.com/3363/3608076556_1f67e37c36_o.jpg
679,https://live.staticflickr.com/6143/5977955945_63454029dc_o.jpg
680,https://live.staticflickr.com/4140/4817034482_9eca502bd2_o.jpg
681,https://live.staticflickr.com/2240/2224608802_69a838f4eb_o.jpg
682,https://live.staticflickr.com/4232/34561352993_65f4edeb15_o.jpg
683,
684,https://live.staticflickr.com/3242/2959638354_b7f254076d_o.jpg
685,
686,https://live.staticflickr.com/1150/5110833529_309d1927fe_o.jpg
687,https://live.staticflickr.com/2639/3714132016_072b611d6d_o.jpg
688,
689,
690,https://live.staticflickr.com/4034/4606793323_f1237e683b_o.jpg
691,https://live.staticflickr.com/2166/2382685623_2284f8ba90_o.jpg
692,https://live.staticflickr.com/8214/8326468341_c8104ab6a1_o.jpg
693,
694,https://live.staticflickr.com/5057/5487981613_e962c3ebea_o.jpg
695,https://live.staticflickr.com/2595/4054795173_06cc70aa90_o.jpg
696,https://live.staticflickr.com/8113/8703305702_191beef67f_o.jpg
697,
698,https://live.staticflickr.com/2249/2364992151_770f968aaf_o.jpg
699,
700,https://live.staticflickr.com/5510/12073235724_c3298271ea_o.jpg
701,https://live.staticflickr.com/8617/16305283229_0f49bff3b4_o.jpg
702,https://live.staticflickr.com/6050/6338452758_15da391a0b_o.jpg
703,https://live.staticflickr.com/330/18415569364_7b527e91a5_o.jpg
704,
705,https://live.staticflickr.com/8648/16465434996_7c88b0b3ed_o.jpg
706,https://live.staticflickr.com/6150/5943975460_1a818bdc57_o.jpg
707,
708,https://live.staticflickr.com/4136/4825639977_14691bfb6e_o.jpg
709,https://live.staticflickr.com/7046/6943261086_00f4be2d7d_o.jpg
710,https://live.staticflickr.com/3216/2932407523_5ffcc4ea31_o.jpg
711,https://live.staticflickr.com/4067/4678145395_e385b3c7ca_o.jpg
712,https://live.staticflickr.com/8454/7883928512_ecb1ce942d_o.jpg
713,
714,https://live.staticflickr.com/2604/3866280841_91dde82e14_o.jpg
715,https://live.staticflickr.com/5586/14956532166_4889925462_o.jpg
716,https://live.staticflickr.com/4876/45443812355_3febb2059c_o.jpg
717,
718,https://live.staticflickr.com/5456/9303382924_438ac93143_o.jpg
719,https://live.staticflickr.com/2081/5821994566_7fa42f7b53_o.jpg
720,https://live.staticflickr.com/3418/3350369168_ea5f6e4eb0_o.jpg
721,https://live.staticflickr.com/3703/14283831726_ae906a8429_o.jpg
722,https://live.staticflickr.com/7134/7768159370_38aed42716_o.jpg
723,https://live.staticflickr.com/7392/16304904759_36af8fa505_o.jpg
724,
725,https://live.staticflickr.com/2555/3756117566_75234f5d0c_o.jpg
726,https://live.staticflickr.com/1020/570179336_40e509176a_o.jpg
727,https://live.staticflickr.com/7417/12903723253_94aa2ee8a2_o.jpg
728,
729,https://live.staticflickr.com/7262/7495641958_30298c7a50_o.jpg
730,https://live.staticflickr.com/5512/30158047491_3edf5de2d0_o.jpg
731,https://live.staticflickr.com/7196/6863021775_5b16c58f9e_o.jpg
732,https://live.staticflickr.com/8419/8702192063_9ac9555b71_o.jpg
733,
734,https://live.staticflickr.com/3257/2377765509_f0481798ac_o.jpg
735,https://live.staticflickr.com/6181/6113582615_6ddc19b838_o.jpg
736,https://live.staticflickr.com/1426/5110826269_24052ec576_o.jpg
737,https://live.staticflickr.com/3919/14948017517_cd7ec8dba4_o.jpg
738,
739,https://live.staticflickr.com/4078/4921271778_f28fafaedb_o.jpg
740,
741,
742,https://live.staticflickr.com/8634/16535897151_bd9847001e_o.jpg
743,https://live.staticflickr.com/3109/2779682466_3b969d2bb8_o.jpg
744,https://live.staticflickr.com/3198/2934504212_776e7977f5_o.jpg
745,https://live.staticflickr.com/7134/7689805846_6dd338cd74_o.jpg
746,https://live.staticflickr.com/2003/2397179693_68b6372588_o.jpg
747,https://live.staticflickr.com/3433/3735523355_36c5c43a73_o.jpg
748,https://live.staticflickr.com/2271/1545307566_279b09e4f8_o.jpg
749,https://live.staticflickr.com/3041/2942302228_45a8e4a3b6_o.jpg
750,
751,https://live.staticflickr.com/3216/2334797505_45752977a9_o.jpg
752,https://live.staticflickr.com/8346/29097459826_a3e954af54_o.jpg
753,
754,
755,https://live.staticflickr.com/133/395279325_981fa60a33_o.jpg
756,https://live.staticflickr.com/4145/5045529246_3f66e8c32a_o.jpg
757,https://live.staticflickr.com/3251/2620269841_4c0b272f5e_o.jpg
758,
759,https://live.staticflickr.com/3039/5858799293_a332c42270_o.jpg
760,https://live.staticflickr.com/4657/38691170485_f2e71d4890_o.jpg
761,https://live.staticflickr.com/4054/4678735198_93f18a2ca1_o.jpg
762,https://live.staticflickr.com/3658/5843805612_7ac36fd6db_o.jpg
763,https://live.staticflickr.com/4010/4678140027_073ff7ff2a_o.jpg
764,https://live.staticflickr.com/1048/1051035534_221ad2243c_o.jpg
765,https://live.staticflickr.com/3928/15449533152_fc7cfdc1a4_o.jpg
766,https://live.staticflickr.com/7002/6574245619_9806b3c6e3_o.jpg
767,https://live.staticflickr.com/699/20790760276_71e3704704_o.jpg
768,https://live.staticflickr.com/2637/3969762746_c4eb3bca2e_o.jpg
769,
770,
771,https://live.staticflickr.com/2139/2079408909_760fa056f9_o.jpg
772,
773,https://live.staticflickr.com/2480/3793628288_4e42d778a1_o.jpg
774,
775,https://live.staticflickr.com/2946/15369035262_1be8cb4284_o.jpg
776,https://live.staticflickr.com/8621/16047637686_6735dd3f20_o.jpg
777,
778,https://live.staticflickr.com/4138/4895520489_6cb33219c5_o.jpg
779,
780,
781,https://live.staticflickr.com/8737/16777587305_4e5e8e5c96_o.jpg
782,
783,https://live.staticflickr.com/2229/2391492820_188a96cd69_o.jpg
784,https://live.staticflickr.com/4070/4678098303_9b48c26c5a_o.jpg
785,https://live.staticflickr.com/6001/5922952067_3dfb37dba8_o.jpg
786,https://live.staticflickr.com/2573/4025333460_dfbfe9bce8_o.jpg
787,https://live.staticflickr.com/7368/8724960213_aa142f994b_o.jpg
788,https://live.staticflickr.com/5028/5652206361_215037141c_o.jpg
789,
790,https://live.staticflickr.com/4016/4590841474_3b99bdae7c_o.jpg
791,https://live.staticflickr.com/2185/2522120894_26ce2452ec_o.jpg
792,https://live.staticflickr.com/2289/2082896879_53546202b2_o.jpg
793,https://live.staticflickr.com/4118/4817035294_f38a7ce535_o.jpg
794,https://live.staticflickr.com/5275/7415476290_6f3f7508a0_o.jpg
795,https://live.staticflickr.com/8431/7768165668_4829d4518a_o.jpg
796,
797,https://live.staticflickr.com/3855/14689440978_e615950483_o.jpg
798,
799,https://live.staticflickr.com/3344/3274515507_50f8e8fbf0_o.jpg
800,https://live.staticflickr.com/1327/4602344342_740c336d5b_o.jpg
801,https://live.staticflickr.com/7287/27128865682_3734a7ace1_o.jpg
802,https://live.staticflickr.com/4051/4678760034_1f1b618fde_o.jpg
803,
804,https://live.staticflickr.com/3526/3306754841_2de6790ac7_o.jpg
805,
806,
807,https://live.staticflickr.com/7089/7155159520_14f4b9d2b5_o.jpg
808,https://live.staticflickr.com/289/18379825014_de9e36769c_o.jpg
809,
810,https://live.staticflickr.com/6215/6232526555_21be6555dd_o.jpg
811,https://live.staticflickr.com/3934/15369167778_dfa5ba50ae_o.jpg
812,https://live.staticflickr.com/1280/1250551425_8e0ada6ece_o.jpg
813,https://live.staticflickr.com/1163/526667921_28639e7144_o.jpg
814,
815,https://live.staticflickr.com/3389/4607422034_0a0958b839_o.jpg
816,https://live.staticflickr.com/4112/4956865669_ed6c04c3b4_o.jpg
817,
818,https://live.staticflickr.com/4395/35673985484_797ef227b0_o.jpg
819,https://live.staticflickr.com/1642/26318654895_aa92e2dd31_o.jpg
820,https://live.staticflickr.com/652/22841458312_c8a3d0c329_o.jpg
821,
822,
823,
824,https://live.staticflickr.com/1328/679454130_478620d2bb_o.jpg
825,https://live.staticflickr.com/2816/10993364223_03bd9fafbf_o.jpg
826,https://live.staticflickr.com/2810/12904049444_35004a7362_o.jpg
827,
828,https://live.staticflickr.com/5228/5658554001_f9ff0355d8_o.jpg
829,https://live.staticflickr.com/4048/4312839142_467432ec71_o.jpg
830,https://live.staticflickr.com/5599/15369509487_ae8844a7e5_o.jpg
831,https://live.staticflickr.com/7403/9312193161_4c6708a667_o.jpg
832,
833,https://live.staticflickr.com/5223/5791166158_be616280f6_o.jpg
834,
835,
836,https://live.staticflickr.com/4116/4750722354_7e9bf52473_o.jpg
837,
838,https://live.staticflickr.com/4163/34666470206_82d6a27380_o.jpg
839,https://live.staticflickr.com/7135/27793569732_86ba70d985_o.jpg
840,https://live.staticflickr.com/8674/16068953878_0d3ea13d3d_o.jpg
841,https://live.staticflickr.com/5517/9543265963_f7cf64be28_o.jpg
842,https://live.staticflickr.com/5065/5759226647_77c9d25f6e_o.jpg
843,https://live.staticflickr.com/6086/6136125065_f31217a298_o.jpg
844,
845,https://live.staticflickr.com/221/460807091_887c7203fa_o.jpg
846,https://live.staticflickr.com/7201/6922460597_eea0156a1f_o.jpg
847,https://live.staticflickr.com/6057/6331811815_24f0e9f025_o.jpg
848,https://live.staticflickr.com/3577/3823212004_8ba5a2a867_o.jpg
849,https://live.staticflickr.com/7084/7320238424_c4d5a5362e_o.jpg
850,https://live.staticflickr.com/766/33341923016_27efe7bbf4_o.jpg
851,https://live.staticflickr.com/3705/12903689705_2775cfb891_o.jpg
852,
853,https://live.staticflickr.com/6205/6038041858_fd7363b777_o.jpg
854,https://live.staticflickr.com/3690/12701415493_663546de6f_o.jpg
855,https://live.staticflickr.com/3202/2766047772_9ec02ca551_o.jpg
856,https://live.staticflickr.com/3830/12701725944_c2e72c7083_o.jpg
857,https://live.staticflickr.com/3283/3013246722_ab5dd0eae3_o.jpg
858,
859,
860,
861,https://live.staticflickr.com/1317/570165908_55ce6bcd26_o.jpg
862,https://live.staticflickr.com/6152/6161193206_abcd063037_o.jpg
863,https://live.staticflickr.com/5482/10557738745_5ec8e413d3_o.jpg
864,
865,https://live.staticflickr.com/4054/4279124651_1d4edbb64f_o.jpg
866,https://live.staticflickr.com/3004/2746185141_1f4e971772_o.jpg
867,https://live.staticflickr.com/3574/3646080553_c6c3678036_o.jpg
868,https://live.staticflickr.com/8190/8106328136_672988e0bc_o.jpg
869,
870,https://live.staticflickr.com/1918/43449042640_87a67487db_o.jpg
871,https://live.staticflickr.com/2225/2255117368_5b4cb43914_o.jpg
872,https://live.staticflickr.com/1182/1208339184_078ffba46d_o.jpg
873,https://live.staticflickr.com/3037/2879829439_3e70b01297_o.jpg
874,https://live.staticflickr.com/3918/14822445375_15e3d48786_o.jpg
875,
876,https://live.staticflickr.com/8410/30128540232_0307b19dc7_o.jpg
877,
878,
879,https://live.staticflickr.com/8232/8524498406_acdf88110f_o.jpg
880,
881,https://live.staticflickr.com/1279/1123234727_4c32c55a1c_o.jpg
882,https://live.staticflickr.com/4665/39744513801_895f7c99f5_o.jpg
883,
884,https://live.staticflickr.com/5617/21455758053_528b067639_o.jpg
885,https://live.staticflickr.com/1433/1092510989_45c71d4313_o.jpg
886,
887,
888,https://live.staticflickr.com/5556/15292129065_bce6fa9806_o.jpg
889,
890,
891,https://live.staticflickr.com/7643/16157445824_edef68a5b7_o.jpg
892,
893,https://live.staticflickr.com/3366/3614769344_6f69278c54_o.jpg
894,https://live.staticflickr.com/3019/2311393986_b9784e02b1_o.jpg
895,
896,https://live.staticflickr.com/6172/6134213717_4df4cd59fd_o.jpg
897,https://live.staticflickr.com/8252/8505603814_c584f3bf83_o.jpg
898,https://live.staticflickr.com/2162/2116584480_1ede0cc350_o.jpg
899,
900,
901,
902,https://live.staticflickr.com/8473/8077689806_eb1cf8e4da_o.jpg
903,https://live.staticflickr.com/7521/29646054822_8bdf0aa208_o.jpg
904,
905,https://live.staticflickr.com/5546/9546063756_b04d68f8d3_o.jpg
906,
907,
908,https://live.staticflickr.com/764/31450302074_2cdeb37410_o.jpg
909,
910,https://live.staticflickr.com/3118/2916843041_ff02ef2005_o.jpg
911,
912,
913,https://live.staticflickr.com/1376/1050116089_3ccf65e58b_o.jpg
914,
915,https://live.staticflickr.com/2229/2364993819_98b0e451e8_o.jpg
916,https://live.staticflickr.com/5522/9676271390_1d775f8cef_o.jpg
917,
918,https://live.staticflickr.com/3597/5768730320_33a21cea17_o.jpg
919,https://live.staticflickr.com/4138/4817034292_195abfa621_o.jpg
920,https://live.staticflickr.com/6181/6134225251_a27dd924bb_o.jpg
921,https://live.staticflickr.com/4040/4678108849_c482cd4e0f_o.jpg
922,https://live.staticflickr.com/641/23898218765_49a7cf5915_o.jpg
923,https://live.staticflickr.com/1901/30324372007_119242cdf4_o.jpg
924,https://live.staticflickr.com/6030/6014756717_c3a2b14bd9_o.jpg
925,https://live.staticflickr.com/57/174777188_71b3e264b8_o.jpg
926,https://live.staticflickr.com/4084/5133642814_708ff8fcbc_o.jpg
927,https://live.staticflickr.com/3151/2928718605_6656882483_o.jpg
928,https://live.staticflickr.com/2292/1553492297_c71d91d47c_o.jpg
929,https://live.staticflickr.com/3525/3456711712_315fda407b_o.jpg
930,https://live.staticflickr.com/1164/1093308272_937a6e549a_o.jpg
931,
932,
933,https://live.staticflickr.com/1422/1269617856_a71fcb13c8_o.jpg
934,https://live.staticflickr.com/2646/4109664384_5b5179c134_o.jpg
935,
936,https://live.staticflickr.com/65/158873451_786451b1c3_o.jpg
937,
938,https://live.staticflickr.com/8135/30128571962_fc9b8bcf1d_o.jpg
939,https://live.staticflickr.com/2185/2455838178_eab390564f_o.jpg
940,https://live.staticflickr.com/3050/2398765028_b823ddd8c1_o.jpg
941,https://live.staticflickr.com/4105/4962273355_7f23d3d65f_o.jpg
942,
943,https://live.staticflickr.com/8251/8479830877_93fe457eb5_o.jpg
944,https://live.staticflickr.com/49/155135188_b90fd43e14_o.jpg
945,https://live.staticflickr.com/2201/5790606223_62b55c14e3_o.jpg
946,https://live.staticflickr.com/4002/4228542883_8fc86f32b1_o.jpg
947,https://live.staticflickr.com/8001/7396514860_4e68620e50_o.jpg
948,https://live.staticflickr.com/3458/3846369556_e5d7b31b5a_o.jpg
949,https://live.staticflickr.com/1835/43873156181_6dcf9355e4_o.jpg
950,https://live.staticflickr.com/4082/4816411653_95c6b9bdde_o.jpg
951,
952,https://live.staticflickr.com/7372/9643676366_caa5ff27d4_o.jpg
953,https://live.staticflickr.com/3045/3350369208_23d679f2b2_o.jpg
954,https://live.staticflickr.com/4040/4690716210_24645867bd_o.jpg
955,https://live.staticflickr.com/8107/29179252446_10c52927f7_o.jpg
956,https://live.staticflickr.com/2553/3725658779_e840f534d9_o.jpg
957,
958,
959,https://live.staticflickr.com/2317/1968021555_41ed84f368_o.jpg
960,https://live.staticflickr.com/4131/4963742447_e98bd92b7e_o.jpg
961,
962,https://live.staticflickr.com/6144/5923513734_43a3325db3_o.jpg
963,
964,https://live.staticflickr.com/2106/2258935300_505c6ce3c2_o.jpg
965,https://live.staticflickr.com/3811/9543256289_48f4046b37_o.jpg
966,
967,
968,https://live.staticflickr.com/5339/9643677774_62b85233b9_o.jpg
969,
970,https://live.staticflickr.com/4080/4895772666_af12ce0c2e_o.jpg
971,https://live.staticflickr.com/5589/15105549308_eb857f2ba0_o.jpg
972,
973,https://live.staticflickr.com/7043/7089328259_8694197a5c_o.jpg
974,
975,https://live.staticflickr.com/5094/5438327895_4e6801b14c_o.jpg
976,https://live.staticflickr.com/2177/2041837610_3b1b95576a_o.jpg
977,
978,https://live.staticflickr.com/31/60006122_5ef98338bf_o.jpg
979,https://live.staticflickr.com/5770/22249971040_8b722dc7c4_o.jpg
980,
981,
982,
983,https://live.staticflickr.com/8324/8077694835_871b6e9aba_o.jpg
984,https://live.staticflickr.com/194/453192049_b669d66cd6_o.jpg
985,https://live.staticflickr.com/1130/1236943804_61fcade538_o.jpg
986,
987,
988,https://live.staticflickr.com/3085/2365825416_72878e4883_o.jpg
989,https://live.staticflickr.com/4153/5111428570_5869e7c003_o.jpg
990,https://live.staticflickr.com/7440/16465553306_51f86d45e7_o.jpg
991,https://live.staticflickr.com/226/483316717_e39e30f4d4_o.jpg
992,
993,https://live.staticflickr.com/5140/5474271172_e87965023c_o.jpg
994,
995,https://live.staticflickr.com/3087/3153157031_4f5719408b_o.jpg
996,https://live.staticflickr.com/5578/14651662858_569d38aa5a_o.jpg
997,https://live.staticflickr.com/5671/20514135868_893c63ae81_o.jpg
998,https://live.staticflickr.com/5704/20778697193_52d5dcaef1_o.jpg
999,
1000,
1001,https://live.staticflickr.com/2281/2041853118_e438bc9060_o.jpg
1002,
1003,https://live.staticflickr.com/8544/8702206947_381c6ceab1_o.jpg
1004,
1005,https://live.staticflickr.com/3341/3455060743_f79e696c78_o.jpg
1006,https://live.staticflickr.com/4400/35673990034_e8bcbf2f3c_o.jpg
1007,https://live.staticflickr.com/2714/4225000943_27f5ee455f_o.jpg
1008,https://live.staticflickr.com/7194/6924306251_a78d775cd5_o.jpg
1009,https://live.staticflickr.com/857/29923174288_39bf166564_o.jpg
1010,
1011,https://live.staticflickr.com/2941/15369336735_cb53884079_o.jpg
1012,https://live.staticflickr.com/3395/3333371214_a92119eecc_o.jpg
1013,https://live.staticflickr.com/2310/2397173397_6751348f10_o.jpg
1014,
1015,
1016,
1017,
1018,https://live.staticflickr.com/7121/8164684393_81ee497ea8_o.jpg
1019,https://live.staticflickr.com/3082/4564140418_404b6de725_o.jpg
1020,
1021,https://live.staticflickr.com/4445/36882464644_bca7167be2_o.jpg
1022,https://live.staticflickr.com/2589/3709312336_bc421c1e9b_o.jpg
1023,
1024,
1025,
1026,https://live.staticflickr.com/7467/16230555266_6b0a344f51_o.jpg
1027,https://live.staticflickr.com/2727/4100286657_80690b7883_o.jpg
1028,
1029,https://live.staticflickr.com/2866/10557995663_773788c532_o.jpg
1030,
1031,https://live.staticflickr.com/7130/8157734081_5e299a3f0e_o.png
1032,https://live.staticflickr.com/2725/4034844857_2deb31ac55_o.png
1033,https://live.staticflickr.com/6140/6035804737_7678fa5f43_o.jpg
1034,
1035,https://live.staticflickr.com/7098/7330281736_6a97e3f6ec_o.jpg
1036,https://live.staticflickr.com/53/124411627_6bc08195ed_o.jpg
1037,https://live.staticflickr.com/1161/740797269_b852a53b45_o.jpg
1038,
1039,
1040,https://live.staticflickr.com/4077/4869317332_a8405d904c_o.jpg
1041,
1042,https://live.staticflickr.com/4015/4466058042_784fe3bf02_o.jpg
1043,https://live.staticflickr.com/3204/2819059620_4caa1bb3ec_o.jpg
1044,https://live.staticflickr.com/457/18937057104_4c77f39a82_o.jpg
1045,https://live.staticflickr.com/7002/6586591139_f76c60de1b_o.jpg
1046,https://live.staticflickr.com/4083/4846133881_396a27be30_o.jpg
1047,
1048,
1049,https://live.staticflickr.com/7173/6698268335_aa2314c40a_o.jpg
1050,https://live.staticflickr.com/7279/7835931558_3a3f109c80_o.jpg
1051,https://live.staticflickr.com/3397/3571772712_7ec6858b53_o.jpg
1052,
1053,https://live.staticflickr.com/4085/5022810759_ee05674d9c_o.jpg
1054,https://live.staticflickr.com/4654/39744524651_b195745a45_o.jpg
1055,
1056,https://live.staticflickr.com/1684/24234540560_0c82b05081_o.jpg
1057,
1058,
1059,https://live.staticflickr.com/4121/4817033928_22e59c0977_o.jpg
1060,https://live.staticflickr.com/5324/17461443754_7773efc635_o.jpg
1061,https://live.staticflickr.com/4716/25118231637_cb33338f0e_o.jpg
1062,https://live.staticflickr.com/2816/33001965194_b0f798b74d_o.jpg
1063,https://live.staticflickr.com/4240/34984188120_2a1656455e_o.jpg
1064,https://live.staticflickr.com/7404/12883599024_c933604b90_o.jpg
1065,https://live.staticflickr.com/2779/4239978667_76118fe156_o.jpg
1066,https://live.staticflickr.com/8672/16122102588_9b6540559b_o.jpg
1067,
1068,https://live.staticflickr.com/5205/5234946792_4a902e08d4_o.jpg
1069,https://live.staticflickr.com/2770/4466044736_0826cde8ec_o.jpg
1070,https://live.staticflickr.com/3104/2582526098_132f57bd91_o.jpg
1071,
1072,https://live.staticflickr.com/1958/43845061560_cb49c822d7_o.jpg
1073,https://live.staticflickr.com/199/452399409_bba2af3a9c_o.jpg
1074,
1075,https://live.staticflickr.com/5173/5476819785_ae2c5f7223_o.jpg
1076,https://live.staticflickr.com/8240/8620800359_b5cc3a6430_o.jpg
1077,
1078,https://live.staticflickr.com/4139/4772020066_9552e2d7e8_o.jpg
1079,https://live.staticflickr.com/3735/10557995343_9b88275370_o.jpg
1080,
1081,https://live.staticflickr.com/5131/5490541971_c1a91292d9_o.jpg
1082,
1083,https://live.staticflickr.com/8511/8578654148_b24e4250a4_o.jpg
1084,https://live.staticflickr.com/198/475261566_e6423ad9dd_o.jpg
1085,https://live.staticflickr.com/8715/16390514854_fa99d91cf9_o.jpg
1086,https://live.staticflickr.com/7063/6779960002_89e9ba8982_o.jpg
1087,https://live.staticflickr.com/2904/33420788372_87e15a2731_o.jpg
1088,https://live.staticflickr.com/510/31380492273_3630f95389_o.png
1089,https://live.staticflickr.com/5008/5264451330_2da45bdca3_o.jpg
1090,https://live.staticflickr.com/5598/15555086805_be1a501e35_o.jpg
1091,https://live.staticflickr.com/6135/5936534427_330abed82d_o.jpg
1092,https://live.staticflickr.com/3008/2689281192_e04ce2ae9b_o.jpg
1093,https://live.staticflickr.com/59/223580892_0cdbcc2f53_o.jpg
1094,https://live.staticflickr.com/3611/3306180865_7381089f03_o.jpg
1095,https://live.staticflickr.com/188/427421017_50888e145f_o.jpg
1096,https://live.staticflickr.com/424/19115569272_78e574f5c5_o.jpg
1097,https://live.staticflickr.com/7578/30270198816_32d95cc4d5_o.jpg
1098,https://live.staticflickr.com/5456/9078438258_88802c759f_o.jpg
1099,https://live.staticflickr.com/3593/3326557205_3106e0ee77_o.jpg
1100,https://live.staticflickr.com/8772/28240186525_6537363b47_o.jpg
1101,https://live.staticflickr.com/4094/4869050274_66a4c0789b_o.jpg
1102,https://live.staticflickr.com/7249/7495641254_f7b940e498_o.jpg
1103,
1104,https://live.staticflickr.com/411/31424381163_9e25014e62_o.jpg
1105,
1106,https://live.staticflickr.com/2655/3917468557_c994391ccd_o.jpg
1107,https://live.staticflickr.com/2636/4089557405_db9bbb045f_o.jpg
1108,https://live.staticflickr.com/7319/9011060312_a97d876378_o.jpg
1109,
1110,https://live.staticflickr.com/7427/9640442915_0aae0422bc_o.jpg
1111,
1112,
1113,https://live.staticflickr.com/3402/3627064959_14c04d4024_o.jpg
1114,
1115,https://live.staticflickr.com/4110/5045192040_7f9d372129_o.jpg
1116,https://live.staticflickr.com/1943/31043270488_b61ab12bd4_o.jpg
1117,https://live.staticflickr.com/8467/8106380268_c06995fc7b_o.jpg
1118,
1119,https://live.staticflickr.com/4072/5125954355_8c673b1a76_o.jpg
1120,https://live.staticflickr.com/1410/5110834967_af9dcf4042_o.jpg
1121,https://live.staticflickr.com/3548/3294392877_04eda3de76_o.jpg
1122,https://live.staticflickr.com/1288/4678173221_7272049995_o.jpg
1123,https://live.staticflickr.com/3213/2660266155_c1bde4d857_o.jpg
1124,https://live.staticflickr.com/3008/2376173082_a02cd160ed_o.jpg
1125,
1126,https://live.staticflickr.com/4607/28430691129_1821f003be_o.jpg
1127,https://live.staticflickr.com/490/31717982956_552d209eef_o.jpg
1128,https://live.staticflickr.com/1950/43449042440_ed5260eb85_o.jpg
1129,https://live.staticflickr.com/6141/6012461937_39e6fa7aa3_o.jpg
1130,https://live.staticflickr.com/799/40308581554_cb24f37475_o.jpg
1131,https://live.staticflickr.com/8742/28942613575_b621c968d2_o.jpg
1132,https://live.staticflickr.com/5785/23378044126_0daef5dffe_o.jpg
1133,https://live.staticflickr.com/8335/8106336300_8644107079_o.jpg
1134,
1135,https://live.staticflickr.com/5794/30105254993_a5e9bcf593_o.jpg
1136,https://live.staticflickr.com/7163/6618761437_78b768961d_o.jpg
1137,https://live.staticflickr.com/3460/3260306600_12ae72cd36_o.jpg
1138,https://live.staticflickr.com/4103/5179378272_d84e8e8969_o.jpg
1139,https://live.staticflickr.com/3294/3152970045_4ca5802a1a_o.jpg
1140,
1141,https://live.staticflickr.com/3091/2812558982_5a85044593_o.jpg
1142,https://live.staticflickr.com/1800/30093490168_acbffb743f_o.jpg
1143,https://live.staticflickr.com/3211/2727894557_1226f33efe_o.jpg
1144,https://live.staticflickr.com/5293/5519564219_5b63912186_o.jpg
1145,
1146,https://live.staticflickr.com/5047/5358034516_bea149d23e_o.jpg
1147,https://live.staticflickr.com/8637/29008084465_e0bd3c05f6_o.png
1148,
1149,https://live.staticflickr.com/2915/32999670300_fc37bce63a_o.jpg
1150,https://live.staticflickr.com/2804/4276001139_3a8033f118_o.jpg
1151,https://live.staticflickr.com/2623/3683922408_d7c682eb70_o.jpg
1152,https://live.staticflickr.com/8458/8072874551_7deb26541a_o.jpg
1153,
1154,https://live.staticflickr.com/2122/2365002217_6d45c97cc4_o.jpg
1155,https://live.staticflickr.com/7051/6936969745_3ca3118aaf_o.jpg
1156,
1157,https://live.staticflickr.com/322/32504900055_f6fbbe439d_o.jpg
1158,https://live.staticflickr.com/7109/7011992439_ea5fe81a54_o.jpg
1159,
1160,https://live.staticflickr.com/7052/6975660023_19bdca9bc1_o.jpg
1161,https://live.staticflickr.com/4097/4816412375_e957dff41f_o.jpg
1162,https://live.staticflickr.com/5328/30174913473_831e5d0d92_o.jpg
1163,https://live.staticflickr.com/4065/4246494212_3d3c12236a_o.jpg
1164,https://live.staticflickr.com/5091/5392307163_8fa0ae7f12_o.jpg
1165,https://live.staticflickr.com/4151/4961135801_b70c297081_o.jpg
1166,https://live.staticflickr.com/5594/15060982868_b1b4e2129f_o.jpg
1167,https://live.staticflickr.com/3052/2559218261_af3c760ac2_o.jpg
1168,https://live.staticflickr.com/3035/2727894289_ebae061b8f_o.jpg
1169,
1170,https://live.staticflickr.com/7320/16350114780_24f0345eb1_o.jpg
1171,https://live.staticflickr.com/3389/3506117004_e6ab8a5982_o.jpg
1172,https://live.staticflickr.com/2329/2365838712_25fc4bb29f_o.jpg
1173,https://live.staticflickr.com/29/49501528_7d37f58b51_o.jpg
1174,https://live.staticflickr.com/4136/4752732601_57bc195533_o.jpg
1175,https://live.staticflickr.com/3169/2581702637_080edf975a_o.jpg
1176,
1177,https://live.staticflickr.com/3356/3506117018_bf60aa2d2b_o.jpg
1178,https://live.staticflickr.com/5746/30652501691_fa9c43e195_o.jpg
1179,https://live.staticflickr.com/3119/3194721196_e066c95fc4_o.jpg
1180,
1181,https://live.staticflickr.com/4505/37906484511_205b5c7604_o.jpg
1182,https://live.staticflickr.com/3713/9198931026_7321c9f0db_o.jpg
1183,https://live.staticflickr.com/5636/21211475602_2e7a0accc6_o.jpg
1184,https://live.staticflickr.com/1803/28687672477_7de068b92b_o.jpg
1185,
1186,https://live.staticflickr.com/80/248709598_6167c7f6cb_o.jpg
1187,https://live.staticflickr.com/101/270962473_557f341ab1_o.jpg
1188,https://live.staticflickr.com/1242/1353026213_e1e83ebf93_o.jpg
1189,https://live.staticflickr.com/5805/23525426789_ba9872f2b3_o.jpg
1190,https://live.staticflickr.com/7203/6977099775_4db8b271d0_o.jpg
1191,https://live.staticflickr.com/178/408831636_e97ac2dfeb_o.jpg
1192,https://live.staticflickr.com/3645/3683224118_e97f320d16_o.jpg
1193,
1194,https://live.staticflickr.com/8117/8631134327_a662882790_o.jpg
1195,https://live.staticflickr.com/86/211219566_ffa9e17857_o.jpg
1196,https://live.staticflickr.com/134/342723481_cc532da520_o.jpg
1197,
1198,https://live.staticflickr.com/2258/1624395737_051b57b26f_o.jpg
1199,https://live.staticflickr.com/3172/2932400757_1d94965e2b_o.jpg
1200,
1201,https://live.staticflickr.com/4049/4322675932_1526670028_o.jpg
1202,
1203,https://live.staticflickr.com/5497/30105252753_fb8fd4d78c_o.jpg
1204,https://live.staticflickr.com/7294/9528340746_2b03f57226_o.jpg
1205,
1206,https://live.staticflickr.com/867/39318619790_d11db82711_o.jpg
1207,https://live.staticflickr.com/265/19225214605_9735f67459_o.jpg
1208,https://live.staticflickr.com/5446/10288395665_5af565877f_o.jpg
1209,https://live.staticflickr.com/1243/1244979528_c419d64242_o.jpg
1210,https://live.staticflickr.com/5573/14937074555_b3526f3574_o.jpg
1211,https://live.staticflickr.com/8044/8077703417_686dfb9729_o.jpg
1212,https://live.staticflickr.com/4057/4330240009_9ccc2070f2_o.jpg
1213,
1214,https://live.staticflickr.com/84/258811514_c0ed7e6076_o.jpg
1215,https://live.staticflickr.com/7121/26539439340_5c64c4339a_o.jpg
1216,https://live.staticflickr.com/6101/6411829735_0a33a1aa7f_o.jpg
1217,
1218,
1219,https://live.staticflickr.com/2789/4086783184_e09b2cb4a2_o.jpg
1220,
1221,https://live.staticflickr.com/3170/2770105321_27bd70a102_o.jpg
1222,https://live.staticflickr.com/1198/1268757761_34271cf208_o.jpg
1223,https://live.staticflickr.com/2010/1734159035_8f9e16d158_o.jpg
1224,
1225,
1226,https://live.staticflickr.com/4774/26067713747_0d880357a6_o.jpg
1227,
1228,https://live.staticflickr.com/4133/5017369363_c16514c2c0_o.jpg
1229,https://live.staticflickr.com/2548/3935058032_d0b8b287fc_o.jpg
1230,
1231,https://live.staticflickr.com/31/63947107_538a6172b1_o.jpg
1232,https://live.staticflickr.com/5326/9163730934_09f40aceb7_o.jpg
1233,
1234,
1235,
1236,https://live.staticflickr.com/3398/3578366531_6a078ed9af_o.jpg
1237,https://live.staticflickr.com/7161/6517487843_76a48eaeca_o.jpg
1238,https://live.staticflickr.com/3060/2961072681_7f1196ab0a_o.jpg
1239,
1240,https://live.staticflickr.com/5777/20516399512_7907b604d0_o.jpg
1241,https://live.staticflickr.com/8439/7980914026_19e87357ac_o.jpg
1242,https://live.staticflickr.com/7411/15786746384_4faaf63890_o.jpg
1243,https://live.staticflickr.com/7275/7647506068_8e48464a75_o.jpg
1244,https://live.staticflickr.com/589/22488290624_3acbd9682f_o.jpg
1245,
1246,https://live.staticflickr.com/4025/4441624688_37149c9da7_o.jpg
1247,https://live.staticflickr.com/5611/29965462584_673c591eb3_o.jpg
1248,https://live.staticflickr.com/3420/3383026550_f392bca2b1_o.jpg
1249,https://live.staticflickr.com/8439/7980914026_19e87357ac_o.jpg
1250,https://live.staticflickr.com/3420/3383026550_f392bca2b1_o.jpg
1251,https://live.staticflickr.com/7411/15786746384_4faaf63890_o.jpg
1252,https://live.staticflickr.com/7275/7647506068_8e48464a75_o.jpg
1253,https://live.staticflickr.com/589/22488290624_3acbd9682f_o.jpg
1254,https://live.staticflickr.com/7367/9776187951_ecc8e73979_o.jpg
1255,https://live.staticflickr.com/7357/27032332913_8aab0c9ec2_o.jpg
1256,https://live.staticflickr.com/3467/3307597470_2d6e34039f_o.jpg
1257,
1258,https://live.staticflickr.com/5521/14565835491_74da70d1d5_o.jpg
1259,https://live.staticflickr.com/2794/4533183288_51997cde53_o.jpg
1260,
1261,https://live.staticflickr.com/7053/6919692301_e28f410892_o.jpg
1262,https://live.staticflickr.com/2421/4445459841_21473f231d_o.jpg
1263,
1264,
1265,https://live.staticflickr.com/2394/2448244570_9e01920692_o.jpg
1266,https://live.staticflickr.com/1094/570179432_9149f63b62_o.jpg
1267,
1268,https://live.staticflickr.com/5702/23207835435_b3416d2d18_o.jpg
1269,https://live.staticflickr.com/2783/4108571676_6688787e71_o.jpg
1270,https://live.staticflickr.com/4755/39387637324_c2970b7029_o.jpg
1271,
1272,
1273,https://live.staticflickr.com/7218/7184529675_1b429c9fbf_o.jpg
1274,https://live.staticflickr.com/4045/4488190454_cb9037324d_o.jpg
1275,https://live.staticflickr.com/27/37962936_218e657bf3_o.jpg
1276,https://live.staticflickr.com/5788/30087987174_3f05242e88_o.jpg
1277,https://live.staticflickr.com/194/457904489_2eba845b50_o.jpg
1278,
1279,
1280,https://live.staticflickr.com/18/24066034_14b061817b_o.jpg
1281,https://live.staticflickr.com/7101/7178196751_f14f5e4f35_o.jpg
1282,
1283,https://live.staticflickr.com/4052/4285552462_e210f4e129_o.jpg
1284,
1285,
1286,https://live.staticflickr.com/4082/4817034642_fab38376b5_o.jpg
1287,https://live.staticflickr.com/7238/27986204592_da55a2b813_o.jpg
1288,
1289,https://live.staticflickr.com/3324/3516917804_5ef1a5b846_o.jpg
1290,
1291,https://live.staticflickr.com/7591/27610430542_cdd32c5c56_o.jpg
1292,https://live.staticflickr.com/498/32688667206_d533f82080_o.jpg
1293,https://live.staticflickr.com/8621/30378006451_f4ced39598_o.jpg
1294,
1295,https://live.staticflickr.com/5477/11606677734_60e991dca7_o.jpg
1296,https://live.staticflickr.com/8349/29024199475_8bf7b34813_o.jpg
1297,https://live.staticflickr.com/39/107640547_55eebf2eeb_o.jpg
1298,https://live.staticflickr.com/4106/5045529688_89ddefa935_o.jpg
1299,https://live.staticflickr.com/2662/4029846056_3f196668f6_o.jpg
1300,https://live.staticflickr.com/4368/36569370055_16de1e655e_o.jpg
1301,https://live.staticflickr.com/7314/12840957403_1f48fdfce8_o.jpg
1302,https://live.staticflickr.com/1229/1353026349_af59b0fa80_o.jpg
1303,
1304,https://live.staticflickr.com/890/40416429134_3d8807c8d0_o.jpg
1305,https://live.staticflickr.com/7187/7077347295_ddeee24165_o.jpg
1306,https://live.staticflickr.com/3174/2581695293_df417d4eef_o.jpg
1307,https://live.staticflickr.com/4107/5022818465_726aec924a_o.jpg
1308,https://live.staticflickr.com/1520/25039894790_f347085950_o.jpg
1309,https://live.staticflickr.com/4033/4678120791_5eb6ee8d0e_o.jpg
1310,https://live.staticflickr.com/7286/27908617571_738bfe0613_o.jpg
1311,
1312,https://live.staticflickr.com/8608/28094429682_92d5e6cb01_o.jpg
1313,https://live.staticflickr.com/5302/5556964709_b1ff4fccb0_o.jpg
1314,
1315,https://live.staticflickr.com/8446/7978522298_28b7a9dda6_o.jpg
1316,https://live.staticflickr.com/8421/7699137772_956521c30d_o.jpg
1317,https://live.staticflickr.com/7449/26905611824_a739449945_o.jpg
1318,https://live.staticflickr.com/3349/3646886148_bd37e63f00_o.jpg
1319,
1320,
1321,https://live.staticflickr.com/4115/4760962227_0960f723c6_o.jpg
1322,
1323,
1324,
1325,https://live.staticflickr.com/3912/14895130930_d5d7753086_o.jpg
1326,https://live.staticflickr.com/4103/5090213502_f1f5ce74f2_o.jpg
1327,https://live.staticflickr.com/2873/32388454084_a51d9f7fe2_o.jpg
1328,https://live.staticflickr.com/213/486729432_1fb73cc0b9_o.jpg
1329,
1330,https://live.staticflickr.com/3348/3414712760_6249100509_o.jpg
1331,
1332,https://live.staticflickr.com/7176/6778772278_52e78866d8_o.jpg
1333,
1334,
1335,https://live.staticflickr.com/3241/2883204859_8c877997ef_o.jpg
1336,https://live.staticflickr.com/7288/27442514071_5c92bf4ca5_o.jpg
1337,https://live.staticflickr.com/2852/34187530902_28a9334839_o.jpg
1338,https://live.staticflickr.com/8468/8375156479_64f90683de_o.jpg
1339,
1340,
1341,
1342,https://live.staticflickr.com/4147/4984551628_4f3e4b290a_o.jpg
1343,https://live.staticflickr.com/2293/2388931665_e82642395f_o.jpg
1344,https://live.staticflickr.com/2772/4497808849_72f9e38360_o.jpg
1345,
1346,https://live.staticflickr.com/6163/6134764194_4638dcd8da_o.jpg
1347,
1348,https://live.staticflickr.com/1147/1051035482_9e6bccda3c_o.jpg
1349,https://live.staticflickr.com/2602/3756132598_379f57b83a_o.jpg
1350,https://live.staticflickr.com/5145/5790605833_058d32efd9_o.jpg
1351,https://live.staticflickr.com/3766/12108668076_70ebfd9930_o.jpg
1352,
1353,https://live.staticflickr.com/3024/2892559346_6233a09058_o.jpg
1354,
1355,https://live.staticflickr.com/3362/3217418851_84859f2db0_o.jpg
1356,https://live.staticflickr.com/1214/1271761151_128520cb34_o.jpg
1357,https://live.staticflickr.com/864/40416431434_2865a96ca7_o.jpg
1358,https://live.staticflickr.com/3649/3690867744_6b0ac993d4_o.jpg
1359,
1360,
1361,https://live.staticflickr.com/5345/7078530975_281b854e84_o.jpg
1362,https://live.staticflickr.com/4089/5044907347_cdb5bbf912_o.jpg
1363,https://live.staticflickr.com/5548/9543259209_0a3383d70c_o.jpg
1364,https://live.staticflickr.com/3006/2389658192_d4b3c64b81_o.jpg
1365,https://live.staticflickr.com/7435/16303727920_a10b468c64_o.jpg
1366,https://live.staticflickr.com/1140/1034035190_aeee3f89f9_o.jpg
1367,https://live.staticflickr.com/2941/15291744562_d7883b5474_o.jpg
1368,https://live.staticflickr.com/3952/15470667551_f135910269_o.jpg
1369,https://live.staticflickr.com/7565/15667851191_2b4f946e5c_o.jpg
1370,
1371,https://live.staticflickr.com/3239/3012410667_699a6faf27_o.jpg
1372,
1373,
1374,https://live.staticflickr.com/736/23142252504_9d81e643f6_o.jpg
1375,https://live.staticflickr.com/5734/31069953111_12dfc206f7_o.jpg
1376,
1377,
1378,
1379,https://live.staticflickr.com/2779/4203323295_95d3c1813f_o.jpg
1380,
1381,https://live.staticflickr.com/3187/3090306810_cbca6dde5a_o.jpg
1382,
1383,https://live.staticflickr.com/5680/29972921255_c6c16a259c_o.jpg
1384,https://live.staticflickr.com/1935/43591096780_4b5cea0928_o.jpg
1385,
1386,https://live.staticflickr.com/4019/4331120847_9252cbfa70_o.jpg
1387,https://live.staticflickr.com/5041/5221868212_c23858f586_o.jpg
1388,https://live.staticflickr.com/26/41412813_fcee629f82_o.jpg
1389,https://live.staticflickr.com/5589/30624006602_15fb8679a2_o.jpg
1390,https://live.staticflickr.com/3721/9673679276_a41328d016_o.jpg
1391,https://live.staticflickr.com/3018/2935047388_69df605e67_o.jpg
1392,https://live.staticflickr.com/4123/4912351247_32a4d56cdb_o.jpg
1393,
1394,https://live.staticflickr.com/27/45035131_1bb5b93750_o.jpg
1395,https://live.staticflickr.com/270/31659939940_9cf7247ae9_o.jpg
1396,
1397,https://live.staticflickr.com/4023/4614764013_acfbb2a657_o.jpg
1398,https://live.staticflickr.com/28/41288584_029e50122a_o.jpg
1399,https://live.staticflickr.com/3660/3630931283_57900bddf8_o.jpg
1400,https://live.staticflickr.com/50/152183540_0039436412_o.jpg
1401,https://live.staticflickr.com/6078/6144897963_58538fd31c_o.jpg
1402,
1403,https://live.staticflickr.com/6011/5991062494_e6acb5ca97_o.jpg
1404,https://live.staticflickr.com/4140/4904628189_7a091f3b57_o.jpg
1405,
1406,
1407,https://live.staticflickr.com/4502/36955283303_ccbdcca2df_o.jpg
1408,https://live.staticflickr.com/2640/4086783360_0024df8880_o.jpg
1409,https://live.staticflickr.com/5288/5307028669_5924c8ecde_o.jpg
1410,https://live.staticflickr.com/7176/6922459527_639bf55731_o.jpg
1411,https://live.staticflickr.com/3140/2365839980_43c5d6e15c_o.jpg
1412,https://live.staticflickr.com/3210/3021734292_7b65ed980e_o.jpg
1413,
1414,https://live.staticflickr.com/6013/5907257712_698d7d5471_o.jpg
1415,
1416,
1417,
1418,https://live.staticflickr.com/200/511919628_a6bdb04da3_o.jpg
1419,https://live.staticflickr.com/5321/9078439674_039d21d4a8_o.jpg
1420,https://live.staticflickr.com/2651/4200519354_b257b6d267_o.jpg
1421,https://live.staticflickr.com/4003/4678764752_c9d9a6c005_o.jpg
1422,https://live.staticflickr.com/2234/2365004865_a887f5584d_o.jpg
1423,https://live.staticflickr.com/3/4055090_73ef52368f_o.jpg
1424,https://live.staticflickr.com/5333/10288385796_0a4b7aaaa3_o.jpg
1425,https://live.staticflickr.com/3224/3143747796_7f5f9c6ac2_o.jpg
1426,
1427,
1428,https://live.staticflickr.com/29/53035446_e0686cff9c_o.jpg
1429,https://live.staticflickr.com/2695/4477122411_976d2f223f_o.jpg
1430,https://live.staticflickr.com/6024/5937093808_ac66b70499_o.jpg
1431,
1432,https://live.staticflickr.com/1297/4678152399_2f7173ed30_o.jpg
1433,
1434,https://live.staticflickr.com/1119/5110834225_21e4596466_o.jpg
1435,https://live.staticflickr.com/8409/30042457542_61096c99c2_o.jpg
1436,
1437,
1438,https://live.staticflickr.com/6/10567958_c8996ec894_o.jpg
1439,https://live.staticflickr.com/16/20389035_4db7ea2355_o.jpg
1440,https://live.staticflickr.com/54/108930697_995f150436_o.jpg
1441,https://live.staticflickr.com/1108/5098531127_9d43336a20_o.jpg
1442,https://live.staticflickr.com/6162/6195462387_628d5cc502_o.jpg
1443,
1444,https://live.staticflickr.com/1030/1347143943_57a8ddad7e_o.jpg
1445,
1446,https://live.staticflickr.com/4114/4810649482_57637c1a7f_o.jpg
1447,https://live.staticflickr.com/8096/8462263125_0e590836af_o.jpg
1448,https://live.staticflickr.com/2823/32867763483_e01c6619e5_o.jpg
1449,https://live.staticflickr.com/2924/32997678214_97d91de92e_o.jpg
1450,https://live.staticflickr.com/924/42335070464_c3ba132501_o.jpg
1451,https://live.staticflickr.com/7079/7320246792_30a0a55cd7_o.jpg
1452,
1453,
1454,https://live.staticflickr.com/3150/2790443260_01cf2b7745_o.jpg
1455,https://live.staticflickr.com/36/74425682_334491fe59_o.jpg
1456,https://live.staticflickr.com/802/27254370608_94a96c1631_o.jpg
1457,https://live.staticflickr.com/2504/4404912099_6735bc5e66_o.jpg
1458,
1459,https://live.staticflickr.com/2846/10993319414_fda51936f1_o.jpg
1460,https://live.staticflickr.com/7406/9423972435_981eeeb8fd_o.jpg
1461,https://live.staticflickr.com/3006/2841913932_5a5eb9d9cb_o.jpg
1462,
1463,
1464,
1465,https://live.staticflickr.com/934/43667022451_a91906469c_o.jpg
1466,
1467,https://live.staticflickr.com/5480/9543274213_c9b2e7b140_o.jpg
1468,
1469,
1470,
1471,https://live.staticflickr.com/2539/4210856561_d0a6ab58d0_o.jpg
1472,https://live.staticflickr.com/4110/4983958671_ca589beb3d_o.jpg
1473,https://live.staticflickr.com/56/109100974_b22cccaa46_o.jpg
1474,https://live.staticflickr.com/4084/4996899288_0efc756f62_o.jpg
1475,
1476,https://live.staticflickr.com/8521/8499103146_b293e5c889_o.jpg
1477,https://live.staticflickr.com/5318/5909493356_a2eb309203_o.jpg
1478,
1479,https://live.staticflickr.com/1490/25385979395_cef2258702_o.jpg
1480,https://live.staticflickr.com/4087/5022880369_16f3cf5b72_o.jpg
1481,https://live.staticflickr.com/3059/2404678589_7181dc2130_o.jpg
1482,https://live.staticflickr.com/3929/15560919595_0087516f4d_o.jpg
1483,https://live.staticflickr.com/5520/10513426224_36b969b4f7_o.jpg
1484,https://live.staticflickr.com/8031/7908591304_a593ae7707_o.jpg
1485,https://live.staticflickr.com/115/301853724_c4a51f3248_o.jpg
1486,https://live.staticflickr.com/6178/6172677895_9d2c5c681d_o.jpg
1487,
1488,https://live.staticflickr.com/4008/4678187443_b4c1b037c1_o.jpg
1489,https://live.staticflickr.com/3537/3855093626_c742a00693_o.jpg
1490,
1491,https://live.staticflickr.com/2559/3773527816_6d6199180d_o.jpg
1492,
1493,https://live.staticflickr.com/4113/4832699615_d0f2f38314_o.jpg
1494,
1495,https://live.staticflickr.com/8573/30243655275_4c5fdc0422_o.jpg
1496,
1497,https://live.staticflickr.com/8781/18405115411_de1b4c8fa9_o.jpg
1498,
1499,
1500,https://live.staticflickr.com/4583/24608611528_fa2d2706f0_o.jpg
1501,https://live.staticflickr.com/5598/30773630416_64febff35d_o.jpg
1502,https://live.staticflickr.com/17/21708691_cafaf1980f_o.jpg
1503,
1504,
1505,https://live.staticflickr.com/2751/4405675386_372cbfabb3_o.jpg
1506,https://live.staticflickr.com/4014/4325163594_0b5cc02fee_o.jpg
1507,https://live.staticflickr.com/5577/14991913406_8647d37f5a_o.jpg
1508,https://live.staticflickr.com/3829/32204175484_f3a737f08a_o.jpg
1509,https://live.staticflickr.com/667/22821363343_2ab2e33845_o.jpg
1510,
1511,https://live.staticflickr.com/4506/37660967242_8a8a28c181_o.jpg
1512,
1513,https://live.staticflickr.com/4336/36851911995_950454b715_o.jpg
1514,https://live.staticflickr.com/141/392528463_3ef8c06b65_o.jpg
1515,
1516,
1517,https://live.staticflickr.com/1406/5177669638_16983043ec_o.jpg
1518,https://live.staticflickr.com/2580/3917466709_4c64005974_o.jpg
1519,https://live.staticflickr.com/6053/5878225138_208c4a85b9_o.jpg
1520,https://live.staticflickr.com/22/32368694_43e25b94f0_o.jpg
1521,
1522,
1523,https://live.staticflickr.com/4016/4279223130_82a218bc95_o.jpg
1524,https://live.staticflickr.com/3102/2715410946_dcea28deba_o.jpg
1525,
1526,
1527,
1528,https://live.staticflickr.com/8055/8077649903_dff048a7f9_o.jpg
1529,https://live.staticflickr.com/3279/2970022475_4eae20e71b_o.jpg
1530,
1531,
1532,
1533,https://live.staticflickr.com/7159/6517490277_3f6a3d6ace_o.jpg
1534,
1535,https://live.staticflickr.com/3593/5742461949_38d40f0429_o.jpg
1536,
1537,https://live.staticflickr.com/2544/3940608192_95b10be68a_o.jpg
1538,https://live.staticflickr.com/2208/1970921342_c0c98d193a_o.jpg
1539,
1540,https://live.staticflickr.com/3265/2681027575_530a4c4594_o.jpg
1541,https://live.staticflickr.com/1204/4607417526_d4d1aa0fb8_o.jpg
1542,
1543,
1544,
1545,https://live.staticflickr.com/4045/4349816317_8cfff9c73b_o.jpg
1546,
1547,https://live.staticflickr.com/5725/21221851265_e05360d976_o.jpg
1548,https://live.staticflickr.com/2510/3916178638_53bcff951f_o.jpg
1549,https://live.staticflickr.com/2101/2041049145_6b4b8b981e_o.jpg
1550,https://live.staticflickr.com/3067/3089801447_e19c097599_o.jpg
1551,https://live.staticflickr.com/4061/4465273391_a6035ea4c9_o.jpg
1552,https://live.staticflickr.com/2348/2352423571_f1411cdcf2_o.jpg
1553,https://live.staticflickr.com/6198/6144902791_da52606c3d_o.jpg
1554,https://live.staticflickr.com/528/31891606994_2433067928_o.jpg
1555,https://live.staticflickr.com/2766/4325163596_b5b8f24e17_o.jpg
1556,
1557,https://live.staticflickr.com/3681/11524437453_2f946af91a_o.jpg
1558,
1559,
1560,https://live.staticflickr.com/6142/5947909963_b8bdb5b146_o.jpg
1561,https://live.staticflickr.com/2799/4418410866_89fd798a30_o.jpg
1562,https://live.staticflickr.com/3665/10288276054_d226a93748_o.jpg
1563,https://live.staticflickr.com/7005/6522046569_c311c9599b_o.jpg
1564,
1565,
1566,
1567,
1568,
1569,https://live.staticflickr.com/3050/2581694037_c4f1662a90_o.jpg
1570,https://live.staticflickr.com/7235/7009896093_241db61167_o.jpg
1571,https://live.staticflickr.com/7145/26401714503_1bac165d4d_o.jpg
1572,https://live.staticflickr.com/3910/15114353017_228464373f_o.jpg
1573,https://live.staticflickr.com/5333/31183932115_bb1bba450c_o.jpg
1574,https://live.staticflickr.com/5666/30362929964_3d1733e15c_o.jpg
1575,https://live.staticflickr.com/5496/31148289706_594a5f9127_o.jpg
1576,https://live.staticflickr.com/7157/6515105613_5f4bf7c987_o.jpg
1577,https://live.staticflickr.com/7159/6512047983_ab0acc1a1a_o.jpg
1578,
1579,https://live.staticflickr.com/3807/9543261579_c21cddbb50_o.jpg
1580,https://live.staticflickr.com/7170/6522043817_c3e29f4b81_o.jpg
1581,https://live.staticflickr.com/3007/2582524746_8eab91365b_o.jpg
1582,
1583,
1584,
1585,https://live.staticflickr.com/7158/6515105385_876c1a4dcb_o.jpg
1586,
1587,https://live.staticflickr.com/3363/3613951671_2b09659680_o.jpg
1588,https://live.staticflickr.com/2772/4164573315_89d8be7171_o.jpg
1589,https://live.staticflickr.com/3849/33249255195_fbea27fa6c_o.jpg
1590,
1591,https://live.staticflickr.com/4030/4620715054_6bd3ebb2a7_o.jpg
1592,
1593,https://live.staticflickr.com/3219/3053391402_6265ea82ca_o.jpg
1594,https://live.staticflickr.com/7156/6522042541_2aeed9b197_o.jpg
1595,
1596,https://live.staticflickr.com/27/53035492_996911c5dc_o.jpg
1597,
1598,https://live.staticflickr.com/187/486719900_ff5882258d_o.jpg
1599,https://live.staticflickr.com/5780/22546355575_c9b7ef82d9_o.jpg
1600,https://live.staticflickr.com/871/40416433554_50bd5f7e29_o.jpg
1601,https://live.staticflickr.com/8560/29336512151_16c69241fc_o.jpg
1602,
1603,https://live.staticflickr.com/5600/14915728864_d43b234d2b_o.jpg
1604,https://live.staticflickr.com/2820/9078441110_0d8afb5bb0_o.jpg
1605,https://live.staticflickr.com/2478/3694415848_5b1e44d3a6_o.jpg
1606,
1607,https://live.staticflickr.com/8570/16070338079_d777cd4df7_o.jpg
1608,https://live.staticflickr.com/6020/5901889309_d760295858_o.jpg
1609,https://live.staticflickr.com/8696/28306600935_ed620c1f1c_o.jpg
1610,https://live.staticflickr.com/7165/13220871743_3d352dc0e6_o.jpg
1611,https://live.staticflickr.com/6079/6127175910_6dc839d90c_o.jpg
1612,https://live.staticflickr.com/7028/6522048159_7e0be42c4c_o.jpg
1613,
1614,https://live.staticflickr.com/7378/9675190790_eeec880b85_o.jpg
1615,
1616,https://live.staticflickr.com/3370/4643388828_b112167865_o.jpg
1617,https://live.staticflickr.com/8006/7349249804_b5a6bb8100_o.jpg
1618,https://live.staticflickr.com/7489/16053948282_05065e6747_o.jpg
1619,https://live.staticflickr.com/6205/6134211867_7f13566c88_o.jpg
1620,https://live.staticflickr.com/8475/8087706279_22b11770bf_o.jpg
1621,https://live.staticflickr.com/7294/27285813280_518af16135_o.jpg
1622,https://live.staticflickr.com/7150/6517490099_3298dc62e7_o.jpg
1623,https://live.staticflickr.com/7001/6522044947_494476f679_o.jpg
1624,https://live.staticflickr.com/3319/3439088591_a1afecce95_o.jpg
1625,https://live.staticflickr.com/7307/27570120871_0489eb72e5_o.jpg
1626,https://live.staticflickr.com/3928/33254817160_a9d1159e13_o.jpg
1627,
1628,https://live.staticflickr.com/7450/16303564360_93893157fc_o.jpg
1629,https://live.staticflickr.com/1424/1403620530_259a4cda09_o.jpg
1630,https://live.staticflickr.com/423/32456639642_4930fea7e0_o.jpg
1631,https://live.staticflickr.com/8649/28279297504_9e918ed0c8_o.jpg
1632,https://live.staticflickr.com/7402/9543255053_731762e308_o.jpg
1633,https://live.staticflickr.com/2588/3712454958_c2fd745c5b_o.jpg
1634,https://live.staticflickr.com/7030/6514989237_7e5008cc9c_o.jpg
1635,https://live.staticflickr.com/1005/941114133_4b4b5ed172_o.jpg
1636,https://live.staticflickr.com/7172/6522046853_70193ed4fb_o.jpg
1637,https://live.staticflickr.com/3195/3381583358_bfe539b08f_o.jpg
1638,
1639,https://live.staticflickr.com/5249/5310827519_fe6535acf3_o.jpg
1640,https://live.staticflickr.com/3064/2381230837_a4359cff9a_o.jpg
1641,https://live.staticflickr.com/3157/5854318711_46f43b3922_o.jpg
1642,https://live.staticflickr.com/5544/11897263583_1355cff2f2_o.jpg
1643,https://live.staticflickr.com/2581/3673207482_3845477113_o.jpg
1644,https://live.staticflickr.com/2438/32638988970_8ba9bcfa28_o.jpg
1645,
1646,https://live.staticflickr.com/1173/570165902_4f1fcc048a_o.jpg
1647,https://live.staticflickr.com/2037/2289416698_304b2dc4ce_o.jpg
1648,https://live.staticflickr.com/3362/3329993202_7b15d59cf2_o.jpg
1649,https://live.staticflickr.com/1705/26125470362_8842835025_o.jpg
1650,
1651,https://live.staticflickr.com/1/187325_99d9e7d766_o.jpg
1652,https://live.staticflickr.com/4115/4799211290_8b2d92fd72_o.jpg
1653,https://live.staticflickr.com/491/31786539672_871be7c416_o.jpg
1654,https://live.staticflickr.com/7193/6922125351_8af4aa8ea1_o.jpg
1655,https://live.staticflickr.com/3948/15320081287_e71245812e_o.jpg
1656,https://live.staticflickr.com/25/56252378_0723a984ce_o.jpg
1657,https://live.staticflickr.com/209/454999963_842c31c847_o.jpg
1658,
1659,https://live.staticflickr.com/5306/5592656994_f436ed7164_o.jpg
1660,https://live.staticflickr.com/7718/17159576022_dc08deabc8_o.jpg
1661,https://live.staticflickr.com/7876/40538620823_1acfa1861a_o.jpg
1662,https://live.staticflickr.com/5591/31040848312_796fac944d_o.jpg
1663,https://live.staticflickr.com/7028/6515105269_3bdb11b9fa_o.jpg
1664,https://live.staticflickr.com/3075/5778143128_2fe991a43d_o.jpg
1665,
1666,https://live.staticflickr.com/768/31659939890_8d44aa11c5_o.jpg
1667,
1668,
1669,https://live.staticflickr.com/3063/2389027837_ace4b56281_o.jpg
1670,https://live.staticflickr.com/1301/4703826115_c7a613f71f_o.jpg
1671,https://live.staticflickr.com/74/205379574_1bfc898eed_o.jpg
1672,https://live.staticflickr.com/2853/32824865363_e554455a73_o.jpg
1673,https://live.staticflickr.com/115/290897649_8052d50c1b_o.jpg
1674,https://live.staticflickr.com/3721/33257734281_07a3c6cd62_o.jpg
1675,https://live.staticflickr.com/57/221922719_a9cc89fa5f_o.jpg
1676,
1677,https://live.staticflickr.com/6/7128341_2a2c0de8f9_o.jpg
1678,https://live.staticflickr.com/1950/31784458248_4b198f0237_o.jpg
1679,
1680,https://live.staticflickr.com/1275/4701132229_5d4f80afc5_o.jpg
1681,
1682,https://live.staticflickr.com/3294/2405727247_0d718fbb5d_o.jpg
1683,https://live.staticflickr.com/7142/6522047717_d1f8d9d86d_o.jpg
1684,
1685,https://live.staticflickr.com/64/154320539_1c2693b58e_o.jpg
1686,https://live.staticflickr.com/2416/2390849513_3578597314_o.jpg
1687,
1688,https://live.staticflickr.com/7006/6522044327_9af4e7db75_o.jpg
1689,
1690,https://live.staticflickr.com/2115/1960941254_0e75f91255_o.jpg
1691,
1692,
1693,https://live.staticflickr.com/4143/4869053566_f5c3ce1e96_o.jpg
1694,https://live.staticflickr.com/1049/934789641_92ef065ef1_o.jpg
1695,https://live.staticflickr.com/3222/3125038483_9c3746217d_o.jpg
1696,https://live.staticflickr.com/1423/858870285_7094cf3cd9_o.jpg
1697,
1698,https://live.staticflickr.com/8671/27751558794_78fb135bbe_o.jpg
1699,https://live.staticflickr.com/1910/44496156155_42df5c6cc1_o.jpg
1700,https://live.staticflickr.com/4066/4240785565_429a164dde_o.jpg
1701,https://live.staticflickr.com/699/21958207311_5b1972aeaf_o.jpg
1702,
1703,
1704,
1705,
1706,
1707,https://live.staticflickr.com/4392/35581956523_24b344fec7_o.jpg
1708,
1709,
1710,https://live.staticflickr.com/2812/9275673763_7ec0b4ffa3_o.jpg
1711,
1712,https://live.staticflickr.com/153/381607073_0308ff7501_o.jpg
1713,https://live.staticflickr.com/7118/13592044633_f1fe2c7b0d_o.jpg
1714,
1715,https://live.staticflickr.com/7869/40526170503_c67a4bfcbd_o.jpg
1716,https://live.staticflickr.com/7150/6522042829_50688de87e_o.jpg
1717,https://live.staticflickr.com/8004/7624719310_a4fc9fc29c_o.jpg
1718,
1719,
1720,
1721,
1722,https://live.staticflickr.com/7027/6777322571_84c4df361f_o.jpg
1723,https://live.staticflickr.com/7014/6522043123_4146d9550e_o.jpg
1724,https://live.staticflickr.com/7001/6522046319_0fe71232d8_o.jpg
1725,https://live.staticflickr.com/183/456986849_2f929e2871_o.jpg
1726,https://live.staticflickr.com/7165/6522042201_550ef325cd_o.jpg
1727,https://live.staticflickr.com/8885/28860642094_d8f1bcf104_o.jpg
1728,https://live.staticflickr.com/7146/6522043663_6d1848939c_o.jpg
1729,
1730,https://live.staticflickr.com/2470/3614769308_a57e85aff3_o.jpg
1731,https://live.staticflickr.com/5449/9370321391_2e0b39373a_o.jpg
1732,https://live.staticflickr.com/8154/7506978796_7abbb5d106_o.jpg
1733,https://live.staticflickr.com/3898/14793588866_ec6ea6e3b1_o.jpg
1734,https://live.staticflickr.com/3217/2772539060_e9e1dafc32_o.jpg
1735,https://live.staticflickr.com/7234/7322984936_e0c5e2bd98_o.jpg
1736,
1737,
1738,
1739,
1740,https://live.staticflickr.com/8250/29171072476_3b3da90b4e_o.jpg
1741,https://live.staticflickr.com/749/21015352148_e8763ab468_o.jpg
1742,https://live.staticflickr.com/3447/3254526890_3903ef5aa7_o.jpg
1743,https://live.staticflickr.com/7010/6512047785_b6916f02a3_o.jpg
1744,https://live.staticflickr.com/8044/8132401085_d9c9f49d91_o.jpg
1745,https://live.staticflickr.com/7005/6786826701_16432ed736_o.jpg
1746,https://live.staticflickr.com/38/108929599_e20b744aa8_o.jpg
1747,https://live.staticflickr.com/2485/4157867340_578161bfff_o.jpg
1748,https://live.staticflickr.com/85/247160862_556ef222c6_o.jpg
1749,https://live.staticflickr.com/5784/21943180770_d6616d5c74_o.jpg
1750,https://live.staticflickr.com/7150/6515050707_6e32179edb_o.jpg
1751,https://live.staticflickr.com/7425/12372153855_6dd17ec9a9_o.jpg
1752,https://live.staticflickr.com/3694/10525545754_212473c6de_o.jpg
1753,
1754,https://live.staticflickr.com/5618/21760554938_f4e87fc469_o.jpg
1755,https://live.staticflickr.com/7824/46423300311_4c8d2c9f38_o.jpg
1756,
1757,https://live.staticflickr.com/3774/10958413745_5c7fa998e8_o.jpg
1758,https://live.staticflickr.com/2147/2601553961_ea67baaa98_o.jpg
1759,
1760,https://live.staticflickr.com/83/244054449_c32d716264_o.jpg
1761,
1762,https://live.staticflickr.com/3027/2981610143_81ec62ea7a_o.jpg
1763,https://live.staticflickr.com/463/18732578701_68e42b2e4b_o.jpg
1764,
1765,
1766,https://live.staticflickr.com/7031/13549659093_6d6e4b4437_o.jpg
1767,https://live.staticflickr.com/4008/4279122791_528523183f_o.jpg
1768,https://live.staticflickr.com/8567/29678004434_23e7bdedca_o.jpg
1769,https://live.staticflickr.com/7518/15959173329_a667b7b801_o.jpg
1770,
1771,
1772,https://live.staticflickr.com/3102/2601554265_1bd8564853_o.jpg
1773,https://live.staticflickr.com/8514/29724323085_8553cecfa3_o.jpg
1774,https://live.staticflickr.com/7118/6997673542_a19c1c1bb6_o.jpg
1775,
1776,https://live.staticflickr.com/1550/24020461852_429a6bc09c_o.jpg
1777,https://live.staticflickr.com/7049/6892246289_c0c9a6e775_o.jpg
1778,https://live.staticflickr.com/8028/7217575862_5e081825dc_o.jpg
1779,https://live.staticflickr.com/7341/9543277927_b7bfa53906_o.jpg
1780,https://live.staticflickr.com/3220/2815518644_db4ebb9d56_o.jpg
1781,https://live.staticflickr.com/7358/27334451765_71f72e6f6b_o.jpg
1782,https://live.staticflickr.com/4014/4683024962_4b0e9332b7_o.jpg
1783,https://live.staticflickr.com/705/22830586384_b5d51ce29a_o.jpg
1784,
1785,https://live.staticflickr.com/4696/28209611089_a1818dc5a0_o.jpg
1786,https://live.staticflickr.com/5106/5595158016_b376289d9e_o.jpg
1787,https://live.staticflickr.com/8263/29092079365_708724232c_o.jpg
1788,
1789,https://live.staticflickr.com/8323/8117587120_7bb9039e18_o.jpg
1790,https://live.staticflickr.com/2846/33166315220_e84b371515_o.jpg
1791,https://live.staticflickr.com/3894/33551776411_0f9b6af88a_o.jpg
1792,https://live.staticflickr.com/5772/30154668583_da26a088aa_o.jpg
1793,
1794,https://live.staticflickr.com/7157/6517490499_96c697fbb5_o.jpg
1795,https://live.staticflickr.com/7147/6522045371_f15ba90d13_o.jpg
1796,https://live.staticflickr.com/3095/2581692679_ceef72be41_o.jpg
1797,https://live.staticflickr.com/7602/16619198177_22585e0d43_o.jpg
1798,https://live.staticflickr.com/5085/5221333073_5fa12346cc_o.jpg
1799,
1800,
1801,https://live.staticflickr.com/8329/29038741530_e47b2cd401_o.jpg
1802,https://live.staticflickr.com/4142/4918183823_162373c1a4_o.jpg
1803,https://live.staticflickr.com/6082/6122490356_cb6f83d8dd_o.jpg
1804,https://live.staticflickr.com/3560/3368195847_b9aab351f8_o.jpg
1805,https://live.staticflickr.com/7529/15732734675_befb96f6fc_o.jpg
1806,
1807,https://live.staticflickr.com/4483/37541717916_11a576b551_o.jpg
1808,
1809,https://live.staticflickr.com/5100/5486726641_f8c711b4ba_o.jpg
1810,https://live.staticflickr.com/3192/3075571362_5c71dab84a_o.jpg
1811,https://live.staticflickr.com/8445/7776581808_47915fcbd1_o.jpg
1812,
1813,
1814,https://live.staticflickr.com/7163/6535746529_4dc3044be7_o.jpg
1815,https://live.staticflickr.com/3858/15028219139_faba4f6f7b_o.jpg
1816,
1817,https://live.staticflickr.com/7016/6522038051_a2af4cd381_o.jpg
1818,
1819,
1820,https://live.staticflickr.com/329/32030596941_171ec33cca_o.jpg
1821,https://live.staticflickr.com/7158/6522045085_54feb8aeea_o.jpg
1822,
1823,https://live.staticflickr.com/224/493469112_09e0feea98_o.jpg
1824,https://live.staticflickr.com/7159/6522044659_6e306ba81c_o.jpg
1825,https://live.staticflickr.com/8680/15753061257_87e4acba6b_o.jpg
1826,
1827,https://live.staticflickr.com/3090/2608651002_9e449ff3e3_o.jpg
1828,https://live.staticflickr.com/26/65927844_0968eec449_o.jpg
1829,https://live.staticflickr.com/2925/14085590770_d382a72cc6_o.jpg
1830,https://live.staticflickr.com/3462/3252356012_0097f7ffb2_o.jpg
1831,https://live.staticflickr.com/7530/15777372117_53a09bb6e2_o.jpg
1832,https://live.staticflickr.com/8532/28800112280_e17fdac31d_o.jpg
1833,https://live.staticflickr.com/6237/6345767518_fe2465a774_o.jpg
1834,https://live.staticflickr.com/6237/6344636561_24d5a75dbc_o.jpg
1835,https://live.staticflickr.com/6149/5964733177_3dfab8c9eb_o.jpg
1836,https://live.staticflickr.com/3529/3770641277_e73fe299c4_o.jpg
1837,https://live.staticflickr.com/8679/16777587055_64ec3df3af_o.jpg
1838,https://live.staticflickr.com/7533/15478965577_5a0e89361c_o.jpg
1839,
1840,https://live.staticflickr.com/6193/6091671642_b98d69abf2_o.jpg
1841,https://live.staticflickr.com/8769/17248390435_64a60194fd_o.jpg
1842,
1843,https://live.staticflickr.com/2876/10042655206_5bbe5d3e9d_o.jpg
1844,https://live.staticflickr.com/7011/6522043497_37ba04a8ca_o.jpg
1845,https://live.staticflickr.com/4182/34473049201_bf9b6b4c74_o.jpg
1846,https://live.staticflickr.com/2917/14720892655_ae5b449ba4_o.jpg
1847,https://live.staticflickr.com/5795/30158581884_5357b7d60c_o.jpg
1848,
1849,https://live.staticflickr.com/7524/15295816633_72d5266292_o.jpg
1850,https://live.staticflickr.com/6060/5894654373_91c7c954e3_o.jpg
1851,
1852,https://live.staticflickr.com/3796/13693272725_eaa1aae65c_o.jpg
1853,https://live.staticflickr.com/8467/8443538579_90beee4fa3_o.jpg
1854,
1855,https://live.staticflickr.com/5126/5227567599_767dc7cb81_o.jpg
1856,
1857,https://live.staticflickr.com/3942/15290358820_5977911114_o.jpg
1858,https://live.staticflickr.com/2654/3978481780_b39890fc8f_o.jpg
1859,
1860,
1861,https://live.staticflickr.com/4098/4738656976_2befbb64df_o.jpg
1862,
1863,https://live.staticflickr.com/4152/5067338653_dd46017cd8_o.jpg
1864,https://live.staticflickr.com/3221/2955703760_281f53df25_o.jpg
1865,https://live.staticflickr.com/7026/6522046151_bfcef8bc49_o.jpg
1866,https://live.staticflickr.com/2903/33547306700_f9a59af8f3_o.jpg
1867,https://live.staticflickr.com/8189/8089840612_71dff1f24f_o.jpg
1868,https://live.staticflickr.com/3076/2871577837_aaa4a1d1ae_o.jpg
1869,https://live.staticflickr.com/4037/4238149741_23dc65cb61_o.jpg
1870,https://live.staticflickr.com/7409/9287757545_2b4e265160_o.jpg
1871,
1872,
1873,
1874,
1875,
1876,https://live.staticflickr.com/4613/25820743198_5cbf798a3f_o.jpg
1877,https://live.staticflickr.com/7169/6522047021_6e65a132b7_o.jpg
1878,https://live.staticflickr.com/7151/6522042695_b41e61c948_o.jpg
1879,https://live.staticflickr.com/4030/4356530941_11f7ef8b37_o.jpg
1880,https://live.staticflickr.com/7097/7143759223_01af96eab8_o.jpg
1881,
1882,
1883,
1884,https://live.staticflickr.com/3205/2733216936_eeedf38997_o.jpg
1885,https://live.staticflickr.com/8721/16546152994_09ccc66e2e_o.jpg
1886,
1887,https://live.staticflickr.com/2552/3799151276_28f5463d90_o.jpg
1888,https://live.staticflickr.com/3142/2966265968_42578b1e85_o.jpg
1889,https://live.staticflickr.com/2084/2607819013_18fbc79819_o.jpg
1890,https://live.staticflickr.com/2422/4030079924_827cfb348b_o.jpg
1891,
1892,https://live.staticflickr.com/449/31913810033_eb8b40d017_o.jpg
1893,https://live.staticflickr.com/5056/5456112233_e02af98142_o.jpg
1894,https://live.staticflickr.com/8641/16436504339_69e952a0d7_o.jpg
1895,https://live.staticflickr.com/3948/33524602532_4d968e8fe5_o.jpg
1896,https://live.staticflickr.com/169/469657447_5b5915c9d9_o.jpg
1897,https://live.staticflickr.com/4300/35701958590_3a5520d96f_o.jpg
1898,https://live.staticflickr.com/2189/2519074983_1e5f82d275_o.jpg
1899,https://live.staticflickr.com/1355/1315978003_e7ee4f8ccc_o.jpg
1900,https://live.staticflickr.com/8669/15889675916_c5a5d3425f_o.jpg
1901,https://live.staticflickr.com/5191/6969066816_8c5e0846ce_o.jpg
1902,https://live.staticflickr.com/5694/30081513583_1db7629818_o.jpg
1903,
1904,https://live.staticflickr.com/6194/6122503502_98e26a7c3a_o.jpg
1905,https://live.staticflickr.com/5040/7115144533_4f2631e354_o.jpg
1906,https://live.staticflickr.com/8302/7750064156_a43bda27fc_o.jpg
1907,https://live.staticflickr.com/7557/15293224034_dffe8e81a1_o.jpg
1908,
1909,https://live.staticflickr.com/7279/13693309103_0781ac7efc_o.jpg
1910,https://live.staticflickr.com/5254/5534873989_b839a60420_o.jpg
1911,https://live.staticflickr.com/6122/5926621105_224829e1da_o.jpg
1912,https://live.staticflickr.com/4559/38977170732_ceb17c6fc3_o.jpg
1913,https://live.staticflickr.com/7476/15913509851_870cb95454_o.jpg
1914,https://live.staticflickr.com/125/324158747_7b5267b0fc_o.jpg
1915,https://live.staticflickr.com/8652/16596333476_55bce901ca_o.jpg
1916,https://live.staticflickr.com/7031/6522045521_aefb4e1021_o.jpg
1917,https://live.staticflickr.com/32/89541206_81c57de797_o.jpg
1918,https://live.staticflickr.com/5568/14534388648_2e9ffcf4cd_o.jpg
1919,https://live.staticflickr.com/2875/9543267743_3221e34d73_o.jpg
1920,https://live.staticflickr.com/2524/3957461895_f7a3c2b61a_o.jpg
1921,https://live.staticflickr.com/6185/6125489912_8f3fae1219_o.jpg
1922,https://live.staticflickr.com/3503/3860484619_cab07c2e1a_o.jpg
1923,https://live.staticflickr.com/7144/6522044515_312bb1c8d5_o.jpg
1924,https://live.staticflickr.com/4137/4805626780_437b75a12a_o.jpg
1925,
1926,https://live.staticflickr.com/8328/8089839314_9f4183feb5_o.jpg
1927,https://live.staticflickr.com/4105/5020115981_2566c64c51_o.jpg
1928,https://live.staticflickr.com/4014/4660161545_fbeab25abc_o.jpg
1929,
1930,https://live.staticflickr.com/7046/8690520046_e56d822d8b_o.jpg
1931,https://live.staticflickr.com/4411/36028052800_d9e1a0c1ba_o.jpg
1932,
1933,https://live.staticflickr.com/3120/2838099291_5f641398c6_o.jpg
1934,https://live.staticflickr.com/3129/2649782330_181430b2ce_o.jpg
1935,https://live.staticflickr.com/6196/6092598539_28c5134cf9_o.jpg
1936,https://live.staticflickr.com/6062/6043790323_6a088eb20f_o.jpg
1937,https://live.staticflickr.com/4119/4905943878_923dcf3aa7_o.jpg
1938,https://live.staticflickr.com/4830/45819735522_6def4e3f51_o.jpg
1939,https://live.staticflickr.com/4033/4667620421_40fb342717_o.jpg
1940,
1941,https://live.staticflickr.com/106/289791760_98cdab0eb2_o.jpg
1942,https://live.staticflickr.com/2902/14355159487_ab23e3316c_o.jpg
1943,https://live.staticflickr.com/3911/14518518116_5f737ec0c8_o.jpg
1944,https://live.staticflickr.com/8512/28222683913_9b531fb9a5_o.jpg
1945,https://live.staticflickr.com/7388/9156315926_dff51ca0bc_o.jpg
1946,
1947,https://live.staticflickr.com/7031/6522037875_4e554bdb22_o.jpg
1948,
1949,
1950,https://live.staticflickr.com/7096/7405626746_edc12419e5_o.jpg
1951,
1952,
1953,https://live.staticflickr.com/8369/8391314389_e7f3b51851_o.jpg
1954,https://live.staticflickr.com/4276/34835289382_0f0bc9c998_o.jpg
1955,https://live.staticflickr.com/3051/5850787776_b8da86a22e_o.jpg
1956,https://live.staticflickr.com/7503/15708749132_50e1d371e9_o.jpg
1957,https://live.staticflickr.com/5631/22860481403_a442fc459e_o.jpg
1958,https://live.staticflickr.com/3183/2988184224_e04e6721d3_o.jpg
1959,https://live.staticflickr.com/5676/20541376941_11c87bd34a_o.jpg
1960,
1961,https://live.staticflickr.com/4122/4797947157_ac9edf422a_o.jpg
1962,
1963,
1964,
1965,
1966,https://live.staticflickr.com/5256/5474788375_4201100955_o.jpg
1967,https://live.staticflickr.com/3137/2625155061_1be39e12cf_o.jpg
1968,
1969,https://live.staticflickr.com/8647/15716729943_6d3a03670b_o.jpg
1970,https://live.staticflickr.com/4093/4916427717_43b9ce6d79_o.jpg
1971,https://live.staticflickr.com/4114/5412243598_1171804be6_o.jpg
1972,
1973,https://live.staticflickr.com/7020/6620882507_2673ec189c_o.jpg
1974,https://live.staticflickr.com/2689/5808487112_a7dd19fa66_o.jpg
1975,
1976,
1977,https://live.staticflickr.com/4874/44170125550_4a34cddef9_o.jpg
1978,
1979,
1980,https://live.staticflickr.com/3201/2707873676_469fc6babe_o.jpg
1981,https://live.staticflickr.com/7203/6920593317_6f2b377fa0_o.jpg
1982,https://live.staticflickr.com/5243/5205167150_671f752025_o.jpg
1983,https://live.staticflickr.com/4769/40129593322_cd7b180eae_o.jpg
1984,
1985,https://live.staticflickr.com/8239/8559580782_db1178e962_o.jpg
1986,https://live.staticflickr.com/1219/1262259330_c76a5ea24e_o.jpg
1987,https://live.staticflickr.com/730/33270996941_54eb6a5d1c_o.jpg
1988,https://live.staticflickr.com/5336/18241743304_ca4ecdc1e1_o.jpg
1989,https://live.staticflickr.com/8026/28606468264_199036f43d_o.jpg
1990,https://live.staticflickr.com/7001/6522654693_e04cd9d9e0_o.jpg
1991,https://live.staticflickr.com/4305/35235579254_b41c32002a_o.jpg
1992,
1993,https://live.staticflickr.com/3580/3344201843_d41b152af6_o.jpg
1994,https://live.staticflickr.com/6085/6043143527_c0b9c93c03_o.jpg
1995,https://live.staticflickr.com/2069/2507255936_497f23790c_o.jpg
1996,https://live.staticflickr.com/7219/7322963792_d708fdc14b_o.jpg
1997,https://live.staticflickr.com/7033/6717898549_a0e9dfb040_o.jpg
1998,https://live.staticflickr.com/7141/6406760767_b07b947ed9_o.jpg
1999,https://live.staticflickr.com/7479/15729733877_a58e6a049f_o.jpg
